Date,Time,Point,Comment,Weather
2021-05-01,,daikoku,内側中央付近でヒラメ（34cm）とアジの釣果が確認出来ました。近くのお客さまもアジをお持ちでした。（大黒14:15）。,晴
2021-05-01,,daikoku,南西の風が12m〜14m吹き付けている桟橋です。これからの時間も風は強めの予報が出ています。充分注意して釣りをお楽しみ下さい。（大黒14:09）。,晴
2021-05-01,,daikoku,,晴
2021-05-01,,daikoku,内側中央付近でヒラメ（34cm）とアジの釣果が確認出来ました。近くのお客さまもアジをお持ちでした。（大黒14:15）。,晴
2021-05-01,,daikoku,南西の風が12m〜14m吹き付けている桟橋です。これからの時間も風は強めの予報が出ています。充分注意して釣りをお楽しみ下さい。（大黒14:09）。,晴
2021-05-01,,daikoku,,晴
2021-05-01,,daikoku,内側中央付近でヒラメ（34cm）とアジの釣果が確認出来ました。近くのお客さまもアジをお持ちでした。（大黒14:15）。,晴
2021-05-01,,daikoku,南西の風が12m〜14m吹き付けている桟橋です。これからの時間も風は強めの予報が出ています。充分注意して釣りをお楽しみ下さい。（大黒14:09）。,晴
2021-05-01,,daikoku,,晴
2021-05-01,,daikoku,内側中央付近でヒラメ（34cm）とアジの釣果が確認出来ました。近くのお客さまもアジをお持ちでした。（大黒14:15）。,晴
2021-05-01,,daikoku,南西の風が12m〜14m吹き付けている桟橋です。これからの時間も風は強めの予報が出ています。充分注意して釣りをお楽しみ下さい。（大黒14:09）。,晴
2021-05-01,,daikoku,,晴
2021-05-01,,honmoku,天気：晴れ気温：15.0℃水温：17.0℃風向：北東風速：2〜3ｍ潮：中潮満潮：6：34／21：10干潮：1：22／13：42警報/注意報：なし。,晴
2021-05-01,,honmoku,天気：晴れ気温：15.0℃水温：17.0℃風向：北東風速：2〜3ｍ潮：中潮満潮：6：34／21：10干潮：1：22／13：42警報/注意報：なし。,晴
2021-05-01,,honmoku,天気：晴れ気温：15.0℃水温：17.0℃風向：北東風速：2〜3ｍ潮：中潮満潮：6：34／21：10干潮：1：22／13：42警報/注意報：なし。,晴
2021-05-01,,honmoku,天気：晴れ気温：15.0℃水温：17.0℃風向：北東風速：2〜3ｍ潮：中潮満潮：6：34／21：10干潮：1：22／13：42警報/注意報：なし。,晴
2021-05-01,2021-05-01 04:34:00,daikoku,今朝の大黒は晴れ、午後から曇り南寄りの風がやや強く吹く予報となっています。最高気温は22℃を越えて暖くなりそうです。午後の風に備えて上着の用意とコロナ感染予防対策をしてお越し下さい。日没後は急速に暗くなりますので、ヘッドライト等の照明器具をご用意下さい。,晴
2021-05-01,2021-05-01 07:12:00,isogo,お早う御座います、磯子は清々しい五月晴れの朝を迎えています。本日の潮；中潮、満潮；6:29/20:47、干潮；1:09/13:37天気；快晴、水温17.5℃、気温18.5℃、風；北風2〜5.1m/s。,晴
2021-05-01,2021-05-01 07:40:00,daikoku,外側先端のサビキで、サヨリがあがりました。内側先端では、サビキでアジがあがっていました。桟橋全体にイワシの回遊もあります。(大黒7:40)。,晴
2021-05-01,2021-05-01 10:50:00,daikoku,只今、釣り場200名定員になっています。(大黒10:50)。,晴
2021-05-01,2021-05-01 11:05:00,isogo,東桟橋奥浮きフカセ釣りでメジナ28僂釣れました。数は少ないようです。(磯子11:05)。,晴
2021-05-01,2021-05-01 11:12:00,isogo,南桟橋奥サビキ釣りでアジ20〜24僂上がっています。他にコノシロは好調に釣れています。(磯子11:12)。,晴
2021-05-01,2021-05-01 11:40:00,isogo,本日横浜地方に「強風・波浪・雷」注意報が発令されています。当施設では風速15ｍ以上の風を常時観測されますと釣り中止・閉場となりますので、ご承知おき下さい。(磯子11:40)。,晴
2021-05-01 00:00:00,2021-05-01 00:00:00,daikoku,,晴
2021-05-01 00:00:00,2021-05-01 00:00:00,honmoku,天気：晴れ気温：15.0℃水温：17.0℃風向：北東風速：2〜3ｍ潮：中潮満潮：6：34／21：10干潮：1：22／13：42警報/注意報：なし。,晴
2021-05-01 00:00:00,2021-05-01 04:34:00,daikoku,今朝の大黒は晴れ、午後から曇り南寄りの風がやや強く吹く予報となっています。最高気温は22℃を越えて暖くなりそうです。午後の風に備えて上着の用意とコロナ感染予防対策をしてお越し下さい。日没後は急速に暗くなりますので、ヘッドライト等の照明器具をご用意下さい。,晴
2021-05-01 00:00:00,2021-05-01 05:24:00,honmoku,天気:晴れ気温:15.0°C水温:17.0°C風向:北東風速:2〜3m潮:中潮満潮:6:34/21:10干潮:1:22/13:42警報/注意報:なし。,晴
2021-05-01 00:00:00,2021-05-01 07:12:00,isogo,お早う御座います、磯子は清々しい五月晴れの朝を迎えています。本日の潮；中潮、満潮；6:29/20:47、干潮；1:09/13:37天気；快晴、水温17.5℃、気温18.5℃、風；北風2〜5.1m/s。,晴
2021-05-01 00:00:00,2021-05-01 07:40:00,daikoku,外側先端のサビキで、サヨリがあがりました。内側先端では、サビキでアジがあがっていました。桟橋全体にイワシの回遊もあります。(大黒7:40)。,晴
2021-05-01 00:00:00,2021-05-01 10:50:00,daikoku,只今、釣り場200名定員になっています。(大黒10:50)。,晴
2021-05-01 00:00:00,2021-05-01 11:05:00,isogo,東桟橋奥浮きフカセ釣りでメジナ28僂釣れました。数は少ないようです。(磯子11:05)。,晴
2021-05-01 00:00:00,2021-05-01 11:12:00,isogo,南桟橋奥サビキ釣りでアジ20〜24僂上がっています。他にコノシロは好調に釣れています。(磯子11:12)。,晴
2021-05-01 00:00:00,2021-05-01 11:40:00,isogo,本日横浜地方に「強風・波浪・雷」注意報が発令されています。当施設では風速15ｍ以上の風を常時観測されますと釣り中止・閉場となりますので、ご承知おき下さい。(磯子11:40)。,晴
2021-05-01 00:00:00,2021-05-01 12:13:00,daikoku,,晴
2021-05-01 00:00:00,2021-05-01 14:09:00,daikoku,南西の風が12m〜14m吹き付けている桟橋です。これからの時間も風は強めの予報が出ています。充分注意して釣りをお楽しみ下さい。（大黒14:09）。,晴
2021-05-01 00:00:00,2021-05-01 14:15:00,daikoku,内側中央付近でヒラメ（34cm）とアジの釣果が確認出来ました。近くのお客さまもアジをお持ちでした。（大黒14:15）。,晴
2021-05-02,,daikoku,,晴
2021-05-02,,daikoku,かぜが全然治まる様子がありません。時折､20mを超す強風が吹いています。風がおさまりましたら釣り場を再開致しますが、風がおさまらない場合は釣り場は閉鎖となることもあります。ご了承下さい。（大黒13:37)。,晴
2021-05-02,,daikoku,只今、風速20m以上を頻繁に計測しているため釣り場から一時避難となっています。このあと、風がおさまるようでしたら釣り場を開放しますが、風がおさまらないようでしたらそのまま閉鎖となります。（大黒11:55）。,晴
2021-05-02,,daikoku,桟橋安全巡回時の釣果情報内側手前/メジナ25/サビキ釣りです。(大黒11:24）。,晴
2021-05-02,,daikoku,只今、釣り場は大変混んでいます。しかし、風が徐々に強くなり現在は南西の風16m〜17m吹いています。このあと、さらに風が強くなる予報です。当施設は、風速18m以上の風を常時計測いたしますと釣り場避難または閉鎖となってしまいます。（大黒10：51）写真を1枚追記いたしました。（11:11）。,晴
2021-05-02,,daikoku,桟橋安全巡回時の釣果情報外側中央/カタクチイワシ(大黒10:13）。,晴
2021-05-02,,daikoku,桟橋安全巡回時の釣果情報外側先端/サヨリ25僉Εタクチイワシ外側中央/カタクチイワシ(大黒9:03）。,晴
2021-05-02,,daikoku,桟橋安全巡回時の釣果情報内側中央/サバ30僉Ε▲検Εタクチイワシ/足元のサビキ釣りで釣れています。内側先端/カタクチイワシ外側中央/コノシロ・カタクチイワシ外側手前/コノシロ・カタクチイワシケーソン/クロダイ35/落とし込み釣りです。(大黒7:12）。,晴
2021-05-02,,daikoku,,晴
2021-05-02,,daikoku,かぜが全然治まる様子がありません。時折､20mを超す強風が吹いています。風がおさまりましたら釣り場を再開致しますが、風がおさまらない場合は釣り場は閉鎖となることもあります。ご了承下さい。（大黒13:37)。,晴
2021-05-02,,daikoku,只今、風速20m以上を頻繁に計測しているため釣り場から一時避難となっています。このあと、風がおさまるようでしたら釣り場を開放しますが、風がおさまらないようでしたらそのまま閉鎖となります。（大黒11:55）。,晴
2021-05-02,,daikoku,桟橋安全巡回時の釣果情報内側手前/メジナ25/サビキ釣りです。(大黒11:24）。,晴
2021-05-02,,daikoku,只今、釣り場は大変混んでいます。しかし、風が徐々に強くなり現在は南西の風16m〜17m吹いています。このあと、さらに風が強くなる予報です。当施設は、風速18m以上の風を常時計測いたしますと釣り場避難または閉鎖となってしまいます。（大黒10：51）写真を1枚追記いたしました。（11:11）。,晴
2021-05-02,,daikoku,桟橋安全巡回時の釣果情報外側中央/カタクチイワシ(大黒10:13）。,晴
2021-05-02,,daikoku,桟橋安全巡回時の釣果情報外側先端/サヨリ25僉Εタクチイワシ外側中央/カタクチイワシ(大黒9:03）。,晴
2021-05-02,,daikoku,桟橋安全巡回時の釣果情報内側中央/サバ30僉Ε▲検Εタクチイワシ/足元のサビキ釣りで釣れています。内側先端/カタクチイワシ外側中央/コノシロ・カタクチイワシ外側手前/コノシロ・カタクチイワシケーソン/クロダイ35/落とし込み釣りです。(大黒7:12）。,晴
2021-05-02,,daikoku,,晴
2021-05-02,,daikoku,かぜが全然治まる様子がありません。時折､20mを超す強風が吹いています。風がおさまりましたら釣り場を再開致しますが、風がおさまらない場合は釣り場は閉鎖となることもあります。ご了承下さい。（大黒13:37)。,晴
2021-05-02,,daikoku,只今、風速20m以上を頻繁に計測しているため釣り場から一時避難となっています。このあと、風がおさまるようでしたら釣り場を開放しますが、風がおさまらないようでしたらそのまま閉鎖となります。（大黒11:55）。,晴
2021-05-02,,daikoku,桟橋安全巡回時の釣果情報内側手前/メジナ25/サビキ釣りです。(大黒11:24）。,晴
2021-05-02,,daikoku,只今、釣り場は大変混んでいます。しかし、風が徐々に強くなり現在は南西の風16m〜17m吹いています。このあと、さらに風が強くなる予報です。当施設は、風速18m以上の風を常時計測いたしますと釣り場避難または閉鎖となってしまいます。（大黒10：51）写真を1枚追記いたしました。（11:11）。,晴
2021-05-02,,daikoku,桟橋安全巡回時の釣果情報外側中央/カタクチイワシ(大黒10:13）。,晴
2021-05-02,,daikoku,桟橋安全巡回時の釣果情報外側先端/サヨリ25僉Εタクチイワシ外側中央/カタクチイワシ(大黒9:03）。,晴
2021-05-02,,daikoku,桟橋安全巡回時の釣果情報内側中央/サバ30僉Ε▲検Εタクチイワシ/足元のサビキ釣りで釣れています。内側先端/カタクチイワシ外側中央/コノシロ・カタクチイワシ外側手前/コノシロ・カタクチイワシケーソン/クロダイ35/落とし込み釣りです。(大黒7:12）。,晴
2021-05-02,,daikoku,,晴
2021-05-02,,daikoku,かぜが全然治まる様子がありません。時折､20mを超す強風が吹いています。風がおさまりましたら釣り場を再開致しますが、風がおさまらない場合は釣り場は閉鎖となることもあります。ご了承下さい。（大黒13:37)。,晴
2021-05-02,,daikoku,只今、風速20m以上を頻繁に計測しているため釣り場から一時避難となっています。このあと、風がおさまるようでしたら釣り場を開放しますが、風がおさまらないようでしたらそのまま閉鎖となります。（大黒11:55）。,晴
2021-05-02,,daikoku,桟橋安全巡回時の釣果情報内側手前/メジナ25/サビキ釣りです。(大黒11:24）。,晴
2021-05-02,,daikoku,只今、釣り場は大変混んでいます。しかし、風が徐々に強くなり現在は南西の風16m〜17m吹いています。このあと、さらに風が強くなる予報です。当施設は、風速18m以上の風を常時計測いたしますと釣り場避難または閉鎖となってしまいます。（大黒10：51）写真を1枚追記いたしました。（11:11）。,晴
2021-05-02,,daikoku,桟橋安全巡回時の釣果情報外側中央/カタクチイワシ(大黒10:13）。,晴
2021-05-02,,daikoku,桟橋安全巡回時の釣果情報外側先端/サヨリ25僉Εタクチイワシ外側中央/カタクチイワシ(大黒9:03）。,晴
2021-05-02,,daikoku,桟橋安全巡回時の釣果情報内側中央/サバ30僉Ε▲検Εタクチイワシ/足元のサビキ釣りで釣れています。内側先端/カタクチイワシ外側中央/コノシロ・カタクチイワシ外側手前/コノシロ・カタクチイワシケーソン/クロダイ35/落とし込み釣りです。(大黒7:12）。,晴
2021-05-02,,honmoku,天気：気温：14.0℃水温：16.5℃風向：西風速：1〜4ｍ潮：中潮満潮：7：03／22：19干潮：2：01／14：34警報/注意報：強風注意報、波浪注意報、雷注意報。,晴
2021-05-02,,honmoku,天気：気温：14.0℃水温：16.5℃風向：西風速：1〜4ｍ潮：中潮満潮：7：03／22：19干潮：2：01／14：34警報/注意報：強風注意報、波浪注意報、雷注意報。,晴
2021-05-02,,honmoku,天気：気温：14.0℃水温：16.5℃風向：西風速：1〜4ｍ潮：中潮満潮：7：03／22：19干潮：2：01／14：34警報/注意報：強風注意報、波浪注意報、雷注意報。,晴
2021-05-02,,honmoku,天気：気温：14.0℃水温：16.5℃風向：西風速：1〜4ｍ潮：中潮満潮：7：03／22：19干潮：2：01／14：34警報/注意報：強風注意報、波浪注意報、雷注意報。,晴
2021-05-02,,isogo,只今、南西の風が常時16ｍ〜17ｍ吹いており最大で風速23ｍ以上の風も観測しており。釣り中止、一時避難となりました、再開の見込みについては未定です。(磯子13:31）。,晴
2021-05-02,,isogo,只今、南西の風が常時16ｍ〜17ｍ吹いており最大で風速23ｍ以上の風も観測しており。釣り中止、一時避難となりました、再開の見込みについては未定です。(磯子13:31）。,晴
2021-05-02,,isogo,只今、南西の風が常時16ｍ〜17ｍ吹いており最大で風速23ｍ以上の風も観測しており。釣り中止、一時避難となりました、再開の見込みについては未定です。(磯子13:31）。,晴
2021-05-02,,isogo,只今、南西の風が常時16ｍ〜17ｍ吹いており最大で風速23ｍ以上の風も観測しており。釣り中止、一時避難となりました、再開の見込みについては未定です。(磯子13:31）。,晴
2021-05-02,2021-05-02 04:27:00,daikoku,昨日の大雨もあがり、今朝の大黒は晴れていて最高気温も20℃ほどまであがりそうです。しかし、横浜市には強風・波浪・雷注意報が出ています。現在は南西の風が４〜６ｍ/sですがお昼ごろから風が強まる予報となっています。午後の風に備えて上着の用意とコロナ感染予防対策をしてお越し下さい。日没後は急速に暗くなりますので、ヘッドライト等の照明器具をご用意下さい。,晴
2021-05-02,2021-05-02 07:19:00,isogo,お早う御座います、今朝の磯子は天気も良く日差しも暖かいですが、南西の風が強く吹いており日中さらに風が強く吹く予報が出てています。現在横浜市に強風注意報が発令されております。当施設では風速15ｍ/sを常時観測しますと釣り中止、桟橋閉場となりますのでご了承ください。本日の潮；中潮、満潮；6:59/21:57、干潮；1:47/14:26天気；快晴、水温17.5℃、気温19.0℃、風；南西6〜9m/s。,晴
2021-05-02,2021-05-02 12:50:00,isogo,,晴
2021-05-02,2021-05-02 15:02:00,isogo,釣り場一時避難となっておりましたが、風がやや弱まり14:53に釣り場再開いたしました。引き続き風が強い予報が出ております。当施設では常時風速15ｍ以上の風を観測いたしますと釣り中止、桟橋閉鎖になりますので予めご了承ください。(磯子15:02)。,晴
2021-05-02,2021-05-02 15:20:00,daikoku,避難解除いたしました。まだ10ｍ程度の風は吹いていますが、安全確認出来ましたので釣り場再開といたしました。(大黒15:20)。,晴
2021-05-02 00:00:00,2021-05-02 00:00:00,honmoku,天気：気温：14.0℃水温：16.5℃風向：西風速：1〜4ｍ潮：中潮満潮：7：03／22：19干潮：2：01／14：34警報/注意報：強風注意報、波浪注意報、雷注意報。,晴
2021-05-02 00:00:00,2021-05-02 04:27:00,daikoku,昨日の大雨もあがり、今朝の大黒は晴れていて最高気温も20℃ほどまであがりそうです。しかし、横浜市には強風・波浪・雷注意報が出ています。現在は南西の風が４〜６ｍ/sですがお昼ごろから風が強まる予報となっています。午後の風に備えて上着の用意とコロナ感染予防対策をしてお越し下さい。日没後は急速に暗くなりますので、ヘッドライト等の照明器具をご用意下さい。,晴
2021-05-02 00:00:00,2021-05-02 05:30:00,honmoku,天気:気温:14.0°C水温:16.5°C風向:西風速:1〜4m潮:中潮満潮:7:03/22:19干潮:2:01/14:34警報/注意報:強風注意報、波浪注意報、雷注意報。,
2021-05-02 00:00:00,2021-05-02 07:12:00,daikoku,桟橋安全巡回時の釣果情報内側中央/サバ30僉Ε▲検Εタクチイワシ/足元のサビキ釣りで釣れています。内側先端/カタクチイワシ外側中央/コノシロ・カタクチイワシ外側手前/コノシロ・カタクチイワシケーソン/クロダイ35/落とし込み釣りです。(大黒7:12）。,晴
2021-05-02 00:00:00,2021-05-02 07:19:00,isogo,お早う御座います、今朝の磯子は天気も良く日差しも暖かいですが、南西の風が強く吹いており日中さらに風が強く吹く予報が出てています。現在横浜市に強風注意報が発令されております。当施設では風速15ｍ/sを常時観測しますと釣り中止、桟橋閉場となりますのでご了承ください。本日の潮；中潮、満潮；6:59/21:57、干潮；1:47/14:26天気；快晴、水温17.5℃、気温19.0℃、風；南西6〜9m/s。,晴
2021-05-02 00:00:00,2021-05-02 09:03:00,daikoku,桟橋安全巡回時の釣果情報外側先端/サヨリ25僉Εタクチイワシ外側中央/カタクチイワシ(大黒9:03）。,晴
2021-05-02 00:00:00,2021-05-02 10:13:00,daikoku,桟橋安全巡回時の釣果情報外側中央/カタクチイワシ(大黒10:13）。,晴
2021-05-02 00:00:00,2021-05-02 10:51:00,daikoku,只今、釣り場は大変混んでいます。しかし、風が徐々に強くなり現在は南西の風16m〜17m吹いています。このあと、さらに風が強くなる予報です。当施設は、風速18m以上の風を常時計測いたしますと釣り場避難または閉鎖となってしまいます。(大黒10:51)写真を1枚追記いたしました。(11:11)。,晴れ
2021-05-02 00:00:00,2021-05-02 11:11:00,daikoku,只今、釣り場は大変混んでいます。しかし、風が徐々に強くなり現在は南西の風16m〜17m吹いています。このあと、さらに風が強くなる予報です。当施設は、風速18m以上の風を常時計測いたしますと釣り場避難または閉鎖となってしまいます。（大黒10：51）写真を1枚追記いたしました。（11:11）。,晴
2021-05-02 00:00:00,2021-05-02 11:24:00,daikoku,桟橋安全巡回時の釣果情報内側手前/メジナ25/サビキ釣りです。(大黒11:24）。,晴
2021-05-02 00:00:00,2021-05-02 11:55:00,daikoku,只今、風速20m以上を頻繁に計測しているため釣り場から一時避難となっています。このあと、風がおさまるようでしたら釣り場を開放しますが、風がおさまらないようでしたらそのまま閉鎖となります。（大黒11:55）。,晴
2021-05-02 00:00:00,2021-05-02 12:50:00,isogo,,晴
2021-05-02 00:00:00,2021-05-02 13:31:00,isogo,只今、南西の風が常時16ｍ〜17ｍ吹いており最大で風速23ｍ以上の風も観測しており。釣り中止、一時避難となりました、再開の見込みについては未定です。(磯子13:31）。,晴
2021-05-02 00:00:00,2021-05-02 13:37:00,daikoku,かぜが全然治まる様子がありません。時折､20mを超す強風が吹いています。風がおさまりましたら釣り場を再開致しますが、風がおさまらない場合は釣り場は閉鎖となることもあります。ご了承下さい。（大黒13:37)。,晴
2021-05-02 00:00:00,2021-05-02 15:02:00,isogo,釣り場一時避難となっておりましたが、風がやや弱まり14:53に釣り場再開いたしました。引き続き風が強い予報が出ております。当施設では常時風速15ｍ以上の風を観測いたしますと釣り中止、桟橋閉鎖になりますので予めご了承ください。(磯子15:02)。,晴
2021-05-02 00:00:00,2021-05-02 15:20:00,daikoku,避難解除いたしました。まだ10ｍ程度の風は吹いていますが、安全確認出来ましたので釣り場再開といたしました。(大黒15:20)。,晴
2021-05-02 00:00:00,2021-05-02 18:36:00,daikoku,,晴
2021-05-03,,daikoku,風も10m以上吹いていて釣りずらい状態です。内側先端でシリヤケイカ（0.6kg）が緑色の餌木で釣れていました。内側を中心にコノシロの群れが入っていて釣れています。カタクチイワシも群れは小さくなりましたが釣れています。（大黒13：58）。,晴れ
2021-05-03,,daikoku,桟橋安全巡回時の釣果情報内側中央/コノシロ内側先端/サバ35僉Ε灰離轡ケーソン/メジナ32/青イソメの落とし込み釣りです。(大黒10:35）。,晴れ
2021-05-03,,daikoku,桟橋安全巡回時の釣果情報内側手前/カタクチイワシ内側中央/コノシロ・カタクチイワシ内側先端/カサゴ・カタクチイワシ外側先端/サバ32僉Ε瓮丱襦Εタクチイワシ外側中央/コノシロ・カタクチイワシケーソン/メジナ28/オキアミ餌の落とし込み釣りです。(大黒7:29）。,晴れ
2021-05-03,,daikoku,風も10m以上吹いていて釣りずらい状態です。内側先端でシリヤケイカ（0.6kg）が緑色の餌木で釣れていました。内側を中心にコノシロの群れが入っていて釣れています。カタクチイワシも群れは小さくなりましたが釣れています。（大黒13：58）。,晴
2021-05-03,,daikoku,桟橋安全巡回時の釣果情報内側中央/コノシロ内側先端/サバ35僉Ε灰離轡ケーソン/メジナ32/青イソメの落とし込み釣りです。(大黒10:35）。,晴
2021-05-03,,daikoku,桟橋安全巡回時の釣果情報内側手前/カタクチイワシ内側中央/コノシロ・カタクチイワシ内側先端/カサゴ・カタクチイワシ外側先端/サバ32僉Ε瓮丱襦Εタクチイワシ外側中央/コノシロ・カタクチイワシケーソン/メジナ28/オキアミ餌の落とし込み釣りです。(大黒7:29）。,晴
2021-05-03,,daikoku,風も10m以上吹いていて釣りずらい状態です。内側先端でシリヤケイカ（0.6kg）が緑色の餌木で釣れていました。内側を中心にコノシロの群れが入っていて釣れています。カタクチイワシも群れは小さくなりましたが釣れています。（大黒13：58）。,晴
2021-05-03,,daikoku,桟橋安全巡回時の釣果情報内側中央/コノシロ内側先端/サバ35僉Ε灰離轡ケーソン/メジナ32/青イソメの落とし込み釣りです。(大黒10:35）。,晴
2021-05-03,,daikoku,桟橋安全巡回時の釣果情報内側手前/カタクチイワシ内側中央/コノシロ・カタクチイワシ内側先端/カサゴ・カタクチイワシ外側先端/サバ32僉Ε瓮丱襦Εタクチイワシ外側中央/コノシロ・カタクチイワシケーソン/メジナ28/オキアミ餌の落とし込み釣りです。(大黒7:29）。,晴
2021-05-03,,daikoku,風も10m以上吹いていて釣りずらい状態です。内側先端でシリヤケイカ（0.6kg）が緑色の餌木で釣れていました。内側を中心にコノシロの群れが入っていて釣れています。カタクチイワシも群れは小さくなりましたが釣れています。（大黒13：58）。,晴
2021-05-03,,daikoku,桟橋安全巡回時の釣果情報内側中央/コノシロ内側先端/サバ35僉Ε灰離轡ケーソン/メジナ32/青イソメの落とし込み釣りです。(大黒10:35）。,晴
2021-05-03,,daikoku,桟橋安全巡回時の釣果情報内側手前/カタクチイワシ内側中央/コノシロ・カタクチイワシ内側先端/カサゴ・カタクチイワシ外側先端/サバ32僉Ε瓮丱襦Εタクチイワシ外側中央/コノシロ・カタクチイワシケーソン/メジナ28/オキアミ餌の落とし込み釣りです。(大黒7:29）。,晴
2021-05-03,,honmoku,天気：晴れ気温：13.0℃水温：16.5℃風向：北東風速：0〜3ｍ潮：小潮満潮：7：38／23：46干潮：2：49／15：43警報/注意報：無し。,
2021-05-03,,honmoku,天気：晴れ気温：13.0℃水温：16.5℃風向：北東風速：0〜3ｍ潮：小潮満潮：7：38／23：46干潮：2：49／15：43警報/注意報：無し。,晴
2021-05-03,,honmoku,天気：晴れ気温：13.0℃水温：16.5℃風向：北東風速：0〜3ｍ潮：小潮満潮：7：38／23：46干潮：2：49／15：43警報/注意報：無し。,晴
2021-05-03,,honmoku,天気：晴れ気温：13.0℃水温：16.5℃風向：北東風速：0〜3ｍ潮：小潮満潮：7：38／23：46干潮：2：49／15：43警報/注意報：無し。,晴
2021-05-03,,isogo,桟橋全体でコノシロ、イワシが好調です。サビキ釣りのお客様は楽しまれています。(磯子15:12）。,晴れ
2021-05-03,,isogo,東桟橋で投げ釣りのお客様がカレイ、シロギス、ハゼ等が色々釣れていました。(磯子15:08）。,晴れ
2021-05-03,,isogo,南桟橋奥でサビキ釣りでサバ30僂釣れていました。数は出ませんが磯子でも単発でサバが上がっています。(磯子15:05）。,晴れ
2021-05-03,,isogo,桟橋全体でコノシロ、イワシが好調です。サビキ釣りのお客様は楽しまれています。(磯子15:12）。,晴
2021-05-03,,isogo,東桟橋で投げ釣りのお客様がカレイ、シロギス、ハゼ等が色々釣れていました。(磯子15:08）。,晴
2021-05-03,,isogo,南桟橋奥でサビキ釣りでサバ30僂釣れていました。数は出ませんが磯子でも単発でサバが上がっています。(磯子15:05）。,晴
2021-05-03,,isogo,桟橋全体でコノシロ、イワシが好調です。サビキ釣りのお客様は楽しまれています。(磯子15:12）。,晴
2021-05-03,,isogo,東桟橋で投げ釣りのお客様がカレイ、シロギス、ハゼ等が色々釣れていました。(磯子15:08）。,晴
2021-05-03,,isogo,南桟橋奥でサビキ釣りでサバ30僂釣れていました。数は出ませんが磯子でも単発でサバが上がっています。(磯子15:05）。,晴
2021-05-03,,isogo,桟橋全体でコノシロ、イワシが好調です。サビキ釣りのお客様は楽しまれています。(磯子15:12）。,晴
2021-05-03,,isogo,東桟橋で投げ釣りのお客様がカレイ、シロギス、ハゼ等が色々釣れていました。(磯子15:08）。,晴
2021-05-03,,isogo,南桟橋奥でサビキ釣りでサバ30僂釣れていました。数は出ませんが磯子でも単発でサバが上がっています。(磯子15:05）。,晴
2021-05-03,2021-05-03 04:33:00,daikoku,昨日の強い風も現在は、おさまり穏やかな大黒です。予報では一日晴れとなっておりますが、昼前から南寄りの風が強まりそうです。飛ばされやすいお荷物やお子様には充分ご注意ください。『出来るだけ静かな釣りを心がけて頂きますようお願致します。』日没後は急速に暗くなりますので、ヘッドライト等の照明器具が必要です。,晴
2021-05-03,2021-05-03 05:05:00,daikoku,写真追加…日の出が美しい好天です。この時間は、北寄りの風で肌寒く感じます。(大黒5:05)。,晴
2021-05-03,2021-05-03 07:20:00,isogo,今朝の磯子は晴れ、波風共に弱くこの時期らしい気候です。昼過ぎから風が強く吹く予報が出ています。当施設では風速15ｍ/sを常時観測しますと釣り中止、桟橋閉場となりますのでご了承ください。本日の潮；小潮、満潮；7:36/23:30、干潮；2:37/15:26天気；快晴、水温16.5℃、気温16.0℃、風；北東3~4m/s。,晴
2021-05-03,2021-05-03 11:00:00,isogo,桟橋全体でコノシロが釣れています。現在、南西風が10ｍ程吹きだしています。(磯子11:00)。,晴
2021-05-03,2021-05-03 11:03:00,isogo,南桟橋奥で、アジ、イワシが釣れています。イワシに混じって、全体で小さなサバも釣れています。(磯子11:03)。,晴
2021-05-03,2021-05-03 11:07:00,isogo,いつもご利用のお客様が、美味しそうな「めざし」を作っていらっしゃいました。(磯子11:07)。,晴
2021-05-03 00:00:00,2021-05-03 00:00:00,daikoku,風も10m以上吹いていて釣りずらい状態です。内側先端でシリヤケイカ（0.6kg）が緑色の餌木で釣れていました。内側を中心にコノシロの群れが入っていて釣れています。カタクチイワシも群れは小さくなりましたが釣れています。（大黒13：58）。,晴
2021-05-03 00:00:00,2021-05-03 00:00:00,honmoku,天気：晴れ気温：13.0℃水温：16.5℃風向：北東風速：0〜3ｍ潮：小潮満潮：7：38／23：46干潮：2：49／15：43警報/注意報：無し。,晴
2021-05-03 00:00:00,2021-05-03 04:33:00,daikoku,昨日の強い風も現在は、おさまり穏やかな大黒です。予報では一日晴れとなっておりますが、昼前から南寄りの風が強まりそうです。飛ばされやすいお荷物やお子様には充分ご注意ください。『出来るだけ静かな釣りを心がけて頂きますようお願致します。』日没後は急速に暗くなりますので、ヘッドライト等の照明器具が必要です。,晴
2021-05-03 00:00:00,2021-05-03 05:05:00,daikoku,写真追加…日の出が美しい好天です。この時間は、北寄りの風で肌寒く感じます。(大黒5:05)。,晴
2021-05-03 00:00:00,2021-05-03 07:20:00,isogo,今朝の磯子は晴れ、波風共に弱くこの時期らしい気候です。昼過ぎから風が強く吹く予報が出ています。当施設では風速15ｍ/sを常時観測しますと釣り中止、桟橋閉場となりますのでご了承ください。本日の潮；小潮、満潮；7:36/23:30、干潮；2:37/15:26天気；快晴、水温16.5℃、気温16.0℃、風；北東3~4m/s。,晴
2021-05-03 00:00:00,2021-05-03 07:29:00,daikoku,桟橋安全巡回時の釣果情報内側手前/カタクチイワシ内側中央/コノシロ・カタクチイワシ内側先端/カサゴ・カタクチイワシ外側先端/サバ32僉Ε瓮丱襦Εタクチイワシ外側中央/コノシロ・カタクチイワシケーソン/メジナ28/オキアミ餌の落とし込み釣りです。(大黒7:29）。,晴
2021-05-03 00:00:00,2021-05-03 10:35:00,daikoku,桟橋安全巡回時の釣果情報内側中央/コノシロ内側先端/サバ35僉Ε灰離轡ケーソン/メジナ32/青イソメの落とし込み釣りです。(大黒10:35）。,晴
2021-05-03 00:00:00,2021-05-03 11:00:00,isogo,桟橋全体でコノシロが釣れています。現在、南西風が10ｍ程吹きだしています。(磯子11:00)。,晴
2021-05-03 00:00:00,2021-05-03 11:03:00,isogo,南桟橋奥で、アジ、イワシが釣れています。イワシに混じって、全体で小さなサバも釣れています。(磯子11:03)。,晴
2021-05-03 00:00:00,2021-05-03 11:07:00,isogo,いつもご利用のお客様が、美味しそうな「めざし」を作っていらっしゃいました。(磯子11:07)。,晴
2021-05-03 00:00:00,2021-05-03 15:05:00,isogo,南桟橋奥でサビキ釣りでサバ30僂釣れていました。数は出ませんが磯子でも単発でサバが上がっています。(磯子15:05）。,晴
2021-05-03 00:00:00,2021-05-03 15:08:00,isogo,東桟橋で投げ釣りのお客様がカレイ、シロギス、ハゼ等が色々釣れていました。(磯子15:08）。,晴
2021-05-03 00:00:00,2021-05-03 15:12:00,isogo,桟橋全体でコノシロ、イワシが好調です。サビキ釣りのお客様は楽しまれています。(磯子15:12）。,晴
2021-05-04,,honmoku,天気：晴れ気温：12.0℃水温：16.5℃風向：北西風速：1〜2ｍ潮：小潮満潮：8：33／ー：ー干潮：4：16／17：17警報/注意報：強風注意報、乾燥注意報。,晴れ
2021-05-04,,honmoku,天気：晴れ気温：12.0℃水温：16.5℃風向：北西風速：1〜2ｍ潮：小潮満潮：8：33／ー：ー干潮：4：16／17：17警報/注意報：強風注意報、乾燥注意報。,晴
2021-05-04,,honmoku,天気：晴れ気温：12.0℃水温：16.5℃風向：北西風速：1〜2ｍ潮：小潮満潮：8：33／ー：ー干潮：4：16／17：17警報/注意報：強風注意報、乾燥注意報。,晴
2021-05-04,2021-05-04 04:25:00,daikoku,今朝の大黒は、波風ともに穏やかです。予報では一日晴れとなっており、気温も24度前後まで上がるようです。午後からは南寄りの風が強まりそうですので飛ばされやすいお荷物やお子様には充分ご注意ください。『出来るだけ静かな釣りを心がけて頂きますようお願い致します。』本日も大変混雑が予想されます。ご了解の程お願い申し上げます。,晴
2021-05-04,2021-05-04 07:20:00,isogo,今朝の磯子上空は青空に覆われて気持ちの良い朝を迎えています。日中も晴れて気温も24℃と高くなる予報です、熱中症にならぬようご注意ください。本日の潮；小潮、満潮；8:31/、干潮；4:12/16:47天気；快晴、水温16.5℃、気温18.0℃、風；北北西1〜3m/s。,晴
2021-05-04,2021-05-04 07:45:00,daikoku,内側手前で500ｇほどのシリヤケイカが上がっていました。7時30分より釣り方制限となりましたのでアンダーで投入して頂いております。(大黒7:45)。,晴
2021-05-04,2021-05-04 07:47:00,daikoku,30僂鯆兇┐襯汽茱蠅皀肇螢奪サビキで上がっています。(大黒7:47)。,晴
2021-05-04,2021-05-04 07:53:00,daikoku,カタクチイワシは、広範囲で釣れています。アジは今のところ先端近くで数匹上がっていました。(大黒7:53)。,晴
2021-05-04,2021-05-04 09:34:00,isogo,そんな中、南桟橋奥よりでアジが釣れました。他、コノシロもあがっていますが、数はまだ少なめです。(磯子9:34)。,晴
2021-05-04,2021-05-04 09:53:00,daikoku,内側中央でスズキ76cmが上がっています。また、外側先端でヒラメ39cmが上がっています。どちらもイワシの泳がせ釣りによる釣果です。(大黒9:53)。,晴
2021-05-04,2021-05-04 09:58:00,daikoku,外側中央でカサゴ20cmが上がっています。(大黒9:58)。,晴
2021-05-04,2021-05-04 11:30:00,isogo,南桟橋でカサゴ18僂肇瓮献28僂釣れていました。他にコノシロとコサバが釣れています。(磯子11:30)。,晴
2021-05-04,2021-05-04 11:35:00,isogo,東桟橋奥では浮きフカセ釣りでクロダイ47僂釣れました。南桟橋でもクロダイ47僂釣れています。(磯子11:35)。,晴
2021-05-04,2021-05-04 11:37:00,daikoku,ケーソンへの落とし込み釣りで、クロダイ40cmが上がりました。(大黒11:37)。,晴
2021-05-04,2021-05-04 11:41:00,isogo,東桟橋浮きフカセ釣りでメジナ25〜30僂3枚お持ちの方がおられました。また、投げ釣りで元気なカワハギ21僂上がっています。(磯子11:41)。,晴
2021-05-04 00:00:00,2021-05-04 00:00:00,honmoku,天気：晴れ気温：12.0℃水温：16.5℃風向：北西風速：1〜2ｍ潮：小潮満潮：8：33／ー：ー干潮：4：16／17：17警報/注意報：強風注意報、乾燥注意報。,晴
2021-05-04 00:00:00,2021-05-04 04:25:00,daikoku,今朝の大黒は、波風ともに穏やかです。予報では一日晴れとなっており、気温も24度前後まで上がるようです。午後からは南寄りの風が強まりそうですので飛ばされやすいお荷物やお子様には充分ご注意ください。『出来るだけ静かな釣りを心がけて頂きますようお願い致します。』本日も大変混雑が予想されます。ご了解の程お願い申し上げます。,晴
2021-05-04 00:00:00,2021-05-04 07:20:00,isogo,今朝の磯子上空は青空に覆われて気持ちの良い朝を迎えています。日中も晴れて気温も24℃と高くなる予報です、熱中症にならぬようご注意ください。本日の潮；小潮、満潮；8:31/、干潮；4:12/16:47天気；快晴、水温16.5℃、気温18.0℃、風；北北西1〜3m/s。,晴
2021-05-04 00:00:00,2021-05-04 07:45:00,daikoku,内側手前で500ｇほどのシリヤケイカが上がっていました。7時30分より釣り方制限となりましたのでアンダーで投入して頂いております。(大黒7:45)。,晴
2021-05-04 00:00:00,2021-05-04 07:47:00,daikoku,30僂鯆兇┐襯汽茱蠅皀肇螢奪サビキで上がっています。(大黒7:47)。,晴
2021-05-04 00:00:00,2021-05-04 07:53:00,daikoku,カタクチイワシは、広範囲で釣れています。アジは今のところ先端近くで数匹上がっていました。(大黒7:53)。,晴
2021-05-04 00:00:00,2021-05-04 09:34:00,isogo,そんな中、南桟橋奥よりでアジが釣れました。他、コノシロもあがっていますが、数はまだ少なめです。(磯子9:34)。,晴
2021-05-04 00:00:00,2021-05-04 09:53:00,daikoku,内側中央でスズキ76cmが上がっています。また、外側先端でヒラメ39cmが上がっています。どちらもイワシの泳がせ釣りによる釣果です。(大黒9:53)。,晴
2021-05-04 00:00:00,2021-05-04 09:58:00,daikoku,外側中央でカサゴ20cmが上がっています。(大黒9:58)。,晴
2021-05-04 00:00:00,2021-05-04 11:30:00,isogo,南桟橋でカサゴ18僂肇瓮献28僂釣れていました。他にコノシロとコサバが釣れています。(磯子11:30)。,晴
2021-05-04 00:00:00,2021-05-04 11:35:00,isogo,東桟橋奥では浮きフカセ釣りでクロダイ47僂釣れました。南桟橋でもクロダイ47僂釣れています。(磯子11:35)。,晴
2021-05-04 00:00:00,2021-05-04 11:37:00,daikoku,ケーソンへの落とし込み釣りで、クロダイ40cmが上がりました。(大黒11:37)。,晴
2021-05-04 00:00:00,2021-05-04 11:41:00,isogo,東桟橋浮きフカセ釣りでメジナ25〜30僂3枚お持ちの方がおられました。また、投げ釣りで元気なカワハギ21僂上がっています。(磯子11:41)。,晴
2021-05-05,,daikoku,桟橋安全巡回時の釣果情報外側先端/カタクチイワシ(大黒16:47）。,曇り
2021-05-05,,daikoku,桟橋安全巡回時の釣果情報内側中央/カタクチイワシ内側先端/コノシロ外側先端/カタクチイワシ外側手前/カタクチイワシ(大黒15:34）。,曇り
2021-05-05,,daikoku,桟橋安全巡回時の釣果情報外側先端/カタクチイワシ(大黒16:47）。,曇
2021-05-05,,daikoku,桟橋安全巡回時の釣果情報内側中央/カタクチイワシ内側先端/コノシロ外側先端/カタクチイワシ外側手前/カタクチイワシ(大黒15:34）。,曇
2021-05-05,,honmoku,天気：曇り気温：12.0℃水温：16.5℃風向：南風速：1〜8ｍ潮：小潮満潮：1：13／11：02干潮：8：06／18：47警報/注意報：強風。,
2021-05-05,,honmoku,天気：曇り気温：12.0℃水温：16.5℃風向：南風速：1〜8ｍ潮：小潮満潮：1：13／11：02干潮：8：06／18：47警報/注意報：強風。,曇
2021-05-05,,isogo,東桟橋奥で落とし込み釣りで良型のカサゴが釣れています。餌はイワシをお使いでした。(磯子14:46）。,曇り
2021-05-05,,isogo,東桟橋入口でメバルが釣れていました。他にもアジ、ウミタナゴ等が釣れています。(磯子14:43）。,晴れ
2021-05-05,,isogo,東桟橋でメバル17僂落とし込み釣りで釣れていました。(磯子10:58）。,曇り
2021-05-05,,isogo,南桟橋奥でサビキ釣りでメジナ26僂釣れていました。他にもアジを数匹お持ちでした。(磯子10:52）。,晴れ
2021-05-05,,isogo,東桟橋奥で落とし込み釣りで良型のカサゴが釣れています。餌はイワシをお使いでした。(磯子14:46）。,曇
2021-05-05,,isogo,東桟橋入口でメバルが釣れていました。他にもアジ、ウミタナゴ等が釣れています。(磯子14:43）。,曇
2021-05-05,,isogo,東桟橋でメバル17僂落とし込み釣りで釣れていました。(磯子10:58）。,曇
2021-05-05,,isogo,南桟橋奥でサビキ釣りでメジナ26僂釣れていました。他にもアジを数匹お持ちでした。(磯子10:52）。,曇
2021-05-05,2021-05-05 04:27:00,daikoku,今朝の大黒は、南西の風が強く吹いています。予報では天気は下り坂となっており、気温は21度前後まで上がるようです。午後からも南西の風が強まりそうですので、飛ばされやすいお荷物やお子様には充分ご注意ください。『出来るだけ静かな釣りを心がけて頂きますようお願い致します。』本日も大変混雑が予想されます。ご了解の程お願い申し上げます。,曇
2021-05-05,2021-05-05 07:10:00,isogo,今朝の磯子は晴れていますが、南西の風が強き、横浜地方には「強風注意報」が出ています。午後からは雨模様の予報も出ていますのでご注意ください。本日の潮；小潮、満潮；1:01/10:40、干潮；6:43/18:21天気；晴れ、水温17.5℃、気温19.5℃、風；南西8〜12m/s。,曇
2021-05-05,2021-05-05 07:11:00,daikoku,桟橋全体でカタクチイワシが釣れています。本日は良型が多いようです。ただ、南西の風が10ｍ以上吹いていますので釣りづらい状況です。(大黒7:11)。,曇
2021-05-05,2021-05-05 10:22:00,daikoku,ケーソンへの落とし込み釣りで、クロダイ47cmがあがりました。釣り場は、南西の風が強く吹いています。(大黒10:22)。,曇
2021-05-05,2021-05-05 11:52:00,isogo,南西風が強く吹き、時より15ｍ前後の突風も吹きます。風向きの関係で南桟橋はとても釣り辛く、東桟橋は混雑しています。(磯子11:52)。,曇
2021-05-05,2021-05-05 12:25:00,daikoku,内側手前付近で、タコが上がっています。シリヤケイカ狙いで、イカの餌木に抱いてきたそうです。(大黒12:25)。,曇
2021-05-05,2021-05-05 16:17:00,daikoku,外側手前で、フッコ49cmがルアー(VJ)で上がっています。(大黒16:17)。,曇
2021-05-05 00:00:00,2021-05-05 00:00:00,honmoku,天気：曇り気温：12.0℃水温：16.5℃風向：南風速：1〜8ｍ潮：小潮満潮：1：13／11：02干潮：8：06／18：47警報/注意報：強風。,曇
2021-05-05 00:00:00,2021-05-05 04:27:00,daikoku,今朝の大黒は、南西の風が強く吹いています。予報では天気は下り坂となっており、気温は21度前後まで上がるようです。午後からも南西の風が強まりそうですので、飛ばされやすいお荷物やお子様には充分ご注意ください。『出来るだけ静かな釣りを心がけて頂きますようお願い致します。』本日も大変混雑が予想されます。ご了解の程お願い申し上げます。,曇
2021-05-05 00:00:00,2021-05-05 07:10:00,isogo,今朝の磯子は晴れていますが、南西の風が強き、横浜地方には「強風注意報」が出ています。午後からは雨模様の予報も出ていますのでご注意ください。本日の潮；小潮、満潮；1:01/10:40、干潮；6:43/18:21天気；晴れ、水温17.5℃、気温19.5℃、風；南西8〜12m/s。,曇
2021-05-05 00:00:00,2021-05-05 07:11:00,daikoku,桟橋全体でカタクチイワシが釣れています。本日は良型が多いようです。ただ、南西の風が10ｍ以上吹いていますので釣りづらい状況です。(大黒7:11)。,曇
2021-05-05 00:00:00,2021-05-05 10:22:00,daikoku,ケーソンへの落とし込み釣りで、クロダイ47cmがあがりました。釣り場は、南西の風が強く吹いています。(大黒10:22)。,曇
2021-05-05 00:00:00,2021-05-05 10:52:00,isogo,南桟橋奥でサビキ釣りでメジナ26僂釣れていました。他にもアジを数匹お持ちでした。(磯子10:52）。,曇
2021-05-05 00:00:00,2021-05-05 10:58:00,isogo,東桟橋でメバル17僂落とし込み釣りで釣れていました。(磯子10:58）。,曇
2021-05-05 00:00:00,2021-05-05 11:52:00,isogo,南西風が強く吹き、時より15ｍ前後の突風も吹きます。風向きの関係で南桟橋はとても釣り辛く、東桟橋は混雑しています。(磯子11:52)。,曇
2021-05-05 00:00:00,2021-05-05 12:25:00,daikoku,内側手前付近で、タコが上がっています。シリヤケイカ狙いで、イカの餌木に抱いてきたそうです。(大黒12:25)。,曇
2021-05-05 00:00:00,2021-05-05 14:43:00,isogo,東桟橋入口でメバルが釣れていました。他にもアジ、ウミタナゴ等が釣れています。(磯子14:43）。,曇
2021-05-05 00:00:00,2021-05-05 14:46:00,isogo,東桟橋奥で落とし込み釣りで良型のカサゴが釣れています。餌はイワシをお使いでした。(磯子14:46）。,曇
2021-05-05 00:00:00,2021-05-05 15:34:00,daikoku,桟橋安全巡回時の釣果情報内側中央/カタクチイワシ内側先端/コノシロ外側先端/カタクチイワシ外側手前/カタクチイワシ(大黒15:34）。,曇
2021-05-05 00:00:00,2021-05-05 16:17:00,daikoku,外側手前で、フッコ49cmがルアー(VJ)で上がっています。(大黒16:17)。,曇
2021-05-05 00:00:00,2021-05-05 16:47:00,daikoku,桟橋安全巡回時の釣果情報外側先端/カタクチイワシ(大黒16:47）。,曇
2021-05-06,,daikoku,桟橋安全巡回時の釣果情報内側先端/アジ外側先端/アジ・カタクチイワシケーソン/メジナ/海苔エサの落とし込み釣りです。(大黒16:40）。,晴れ
2021-05-06,,daikoku,桟橋安全巡回時の釣果情報内側手前/シリヤケイカ/餌木のカラーはピンクです。内側先端/カタクチイワシ外側中央/コノシロ(大黒15:15）。,晴れ
2021-05-06,,daikoku,厚く垂れこめていた雲もようやく薄れ青空が広がってきました。午前中は皆さん防寒着を着ていましたが、気温もどんどん上がってきています。（大黒14:21)。,
2021-05-06,,daikoku,桟橋安全巡回時の釣果情報ケーソン/ソイ18内側中央/メジナ25僉Ε轡螢筌吋ぅ・カタクチイワシ/メジナはサビキ釣りです。シリヤケイカは、HITしたレッドの餌木を公開して頂きました。外側先端/アジ23僉Εタクチイワシ・コノシロ(大黒11:44）。,曇り
2021-05-06,,daikoku,,曇り
2021-05-06,,daikoku,外側先端の投げサビキでイシモチ（28cm）が釣れていました。本日もサビキ釣りのカタクチイワシとコノシロは好調で、釣り場全体で釣れています。（大黒7:36）。,曇り
2021-05-06,,daikoku,ケーソンの溝やヘチ落とし込みで、クロダイが2匹釣れています。また、内側中央のサビキ釣りでもクロダイが釣れていました。（大黒7：33）。,曇り
2021-05-06,,daikoku,雨は一時止みましたが、ときどき小雨がパラついています。朝の数投でいきなりタコ（2.01kg）があがりました。場所は内側手前付近です。（大黒6：48）。,曇り時々雨
2021-05-06,,honmoku,天気：雨気温：16.0℃水温：16.5℃風向：北西風速：1〜3ｍ潮：長潮満潮：02：09／13：22干潮：08/：06／19：52警報/注意報：なし。,雨
2021-05-06,,isogo,東桟橋奥よりでタコテンヤ釣りのお客様がタコ2.2圓鯆爐蠅△欧泙靴拭(磯子12:05）。,曇り
2021-05-06,,isogo,南桟橋でカワハギ30僂上がりました。本命はシマダイ狙いだそうですが、見事に巨大カワハギGET!です。(磯子12:00）。,曇り
2021-05-06,2021-05-06 04:36:00,daikoku,今朝の大黒は、気温は16.0℃ですが雨が降っています。雨はこのあと止んで昼過ぎからは晴れ、最高気温が22℃ほどまで上がる予報です。午前中は北風が強まる時間帯もありますが次第に東風に変わり風は弱くなります。『出来るだけ静かな釣りを心がけて頂きますようお願い致します』。,雨
2021-05-06,2021-05-06 07:17:00,isogo,今朝の磯子は小雨が残っていますが、これから回復して来るようです。本日の潮；長潮、満潮；1:55/13:07、干潮；7:58/19:37天気；曇り、水温17.0℃、気温17.0℃、風；北北西3〜6m/s。,雨
2021-05-06,2021-05-06 09:31:00,daikoku,外側先端のイワシ泳がせ釣りで、ヒラメ37cmがあがりました。釣り場は、小雨が降り続いています。(大黒9:31)。,雨
2021-05-06,2021-05-06 09:33:00,isogo,南桟橋の中央寄りで、まだ数は多くはありませんがアジ・イワシが釣れています。(磯子9:33)。,曇り
2021-05-06,2021-05-06 09:43:00,isogo,南桟橋のサビキ釣り、写真では数匹落ちてしまいましたが、イワシのパーフェクトが見られました。やっと雨も上がり、日が射してきました。(磯子9:43)。,曇り
2021-05-06,2021-05-06 10:00:00,isogo,南桟橋管理棟近くでは、浮きフカセでクロダイがあがりました。(磯子10:00)サイズアップ(43cm)して、綺麗なクロダイを追釣されました。「もう一枚！」と気合を入れたお言葉を頂戴しました。(磯子13:26)。,曇り
2021-05-06,2021-05-06 13:20:00,daikoku,外側先端のイワシ泳がせ釣りで、スズキ72cmがあがりました。釣り場は、日差しがあり気温が上昇しています。(大黒13:20)。,晴れ
2021-05-06,2021-05-06 14:40:00,isogo,昼過ぎにお帰りのお客様が、37僂離レイをお持ちでした。(磯子14:40)。,晴れ
2021-05-06,2021-05-06 14:45:00,isogo,東桟橋の浮きフカセでも良型のクロダイが釣れています。50僂47傳暇腓持ちです。他にもシマダイを釣られています。(磯子14:45)。,晴れ
2021-05-06 00:00:00,2021-05-06 00:00:00,daikoku,雨は一時止みましたが、ときどき小雨がパラついています。朝の数投でいきなりタコ（2.01kg）があがりました。場所は内側手前付近です。（大黒6：48）。,雨
2021-05-06 00:00:00,2021-05-06 00:00:00,honmoku,天気：雨気温：16.0℃水温：16.5℃風向：北西風速：1〜3ｍ潮：長潮満潮：02：09／13：22干潮：08/：06／19：52警報/注意報：なし。,雨
2021-05-06 00:00:00,2021-05-06 04:36:00,daikoku,今朝の大黒は、気温は16.0℃ですが雨が降っています。雨はこのあと止んで昼過ぎからは晴れ、最高気温が22℃ほどまで上がる予報です。午前中は北風が強まる時間帯もありますが次第に東風に変わり風は弱くなります。『出来るだけ静かな釣りを心がけて頂きますようお願い致します』。,雨
2021-05-06 00:00:00,2021-05-06 07:17:00,isogo,今朝の磯子は小雨が残っていますが、これから回復して来るようです。本日の潮；長潮、満潮；1:55/13:07、干潮；7:58/19:37天気；曇り、水温17.0℃、気温17.0℃、風；北北西3〜6m/s。,雨
2021-05-06 00:00:00,2021-05-06 07:36:00,daikoku,外側先端の投げサビキでイシモチ（28cm）が釣れていました。本日もサビキ釣りのカタクチイワシとコノシロは好調で、釣り場全体で釣れています。（大黒7:36）。,雨
2021-05-06 00:00:00,2021-05-06 09:31:00,daikoku,外側先端のイワシ泳がせ釣りで、ヒラメ37cmがあがりました。釣り場は、小雨が降り続いています。(大黒9:31)。,雨
2021-05-06 00:00:00,2021-05-06 09:33:00,isogo,南桟橋の中央寄りで、まだ数は多くはありませんがアジ・イワシが釣れています。(磯子9:33)。,雨
2021-05-06 00:00:00,2021-05-06 09:43:00,isogo,南桟橋のサビキ釣り、写真では数匹落ちてしまいましたが、イワシのパーフェクトが見られました。やっと雨も上がり、日が射してきました。(磯子9:43)。,雨
2021-05-06 00:00:00,2021-05-06 10:00:00,isogo,南桟橋管理棟近くでは、浮きフカセでクロダイがあがりました。(磯子10:00)サイズアップ(43cm)して、綺麗なクロダイを追釣されました。「もう一枚！」と気合を入れたお言葉を頂戴しました。(磯子13:26)。,雨
2021-05-06 00:00:00,2021-05-06 11:44:00,daikoku,桟橋安全巡回時の釣果情報ケーソン/ソイ18内側中央/メジナ25僉Ε轡螢筌吋ぅ・カタクチイワシ/メジナはサビキ釣りです。シリヤケイカは、HITしたレッドの餌木を公開して頂きました。外側先端/アジ23僉Εタクチイワシ・コノシロ(大黒11:44）。,雨
2021-05-06 00:00:00,2021-05-06 12:00:00,isogo,南桟橋でカワハギ30僂上がりました。本命はシマダイ狙いだそうですが、見事に巨大カワハギGET!です。(磯子12:00）。,雨
2021-05-06 00:00:00,2021-05-06 12:05:00,isogo,東桟橋奥よりでタコテンヤ釣りのお客様がタコ2.2圓鯆爐蠅△欧泙靴拭(磯子12:05）。,雨
2021-05-06 00:00:00,2021-05-06 13:20:00,daikoku,外側先端のイワシ泳がせ釣りで、スズキ72cmがあがりました。釣り場は、日差しがあり気温が上昇しています。(大黒13:20)。,雨
2021-05-06 00:00:00,2021-05-06 14:21:00,daikoku,厚く垂れこめていた雲もようやく薄れ青空が広がってきました。午前中は皆さん防寒着を着ていましたが、気温もどんどん上がってきています。（大黒14:21)。,雨
2021-05-06 00:00:00,2021-05-06 14:40:00,isogo,昼過ぎにお帰りのお客様が、37僂離レイをお持ちでした。(磯子14:40)。,雨
2021-05-06 00:00:00,2021-05-06 14:45:00,isogo,東桟橋の浮きフカセでも良型のクロダイが釣れています。50僂47傳暇腓持ちです。他にもシマダイを釣られています。(磯子14:45)。,雨
2021-05-06 00:00:00,2021-05-06 15:15:00,daikoku,桟橋安全巡回時の釣果情報内側手前/シリヤケイカ/餌木のカラーはピンクです。内側先端/カタクチイワシ外側中央/コノシロ(大黒15:15）。,雨
2021-05-06 00:00:00,2021-05-06 16:40:00,daikoku,桟橋安全巡回時の釣果情報内側先端/アジ外側先端/アジ・カタクチイワシケーソン/メジナ/海苔エサの落とし込み釣りです。(大黒16:40）。,雨
2021-05-07 00:00:00,2021-05-07 00:00:00,daikoku,どんより曇ってきました。釣り場は混んできました。内側中央でシリヤケイカ、外側中央でサヨリ、全体でカタクチイワシが釣れています。(大黒9：50）。,曇
2021-05-07 00:00:00,2021-05-07 00:00:00,honmoku,天気：曇り気温：16℃水温：17.5℃風向：北東風速：0〜1ｍ潮：若潮満潮：2：45／14：32干潮：8：43／20：41警報/注意報：無。,曇
2021-05-07 00:00:00,2021-05-07 04:22:00,daikoku,今朝の大黒は、曇っていますが波・風ともに穏やかです。最高気温は20℃ほどで夕方に少し雨が降る予報となっています。また、夕方に一時風も強まりそうです。雨具を用意の上お越し下さい。『出来るだけ静かな釣りを心がけて頂きますようお願い致します』。,曇
2021-05-07 00:00:00,2021-05-07 07:18:00,isogo,今朝の磯子は晴れて風も強くありません。一日穏やかなようですが、午後から雨が降るような予報も出ています。念のため、雨具の用意をお願いします。本日の潮；若潮、満潮；2:31/14:30、干潮；8:40/20:33天気；晴れ、水温17.5℃、気温18.0℃、風；東2〜3m/s。,曇
2021-05-07 00:00:00,2021-05-07 07:33:00,daikoku,内側中央から先端付近で、イワシが鈴なりとなっています。内側中央では、ピンクのエギでシリヤケイカがあがりました。(大黒7:33)。,曇
2021-05-07 00:00:00,2021-05-07 11:44:00,daikoku,桟橋安全巡回時の釣果情報内側先端/アジ22僉Εぅ轡皀30僉Εタクチイワシ/イシモチは、カタクチイワシの泳がせ釣りです。外側先端/カタクチイワシ外側中央/サヨリ・カタクチイワシ(大黒11:44）。,曇
2021-05-07 00:00:00,2021-05-07 12:05:00,isogo,南桟橋売店近くと中央トイレ寄りでアジが釣れています。(磯子12:05)。,曇
2021-05-07 00:00:00,2021-05-07 12:10:00,isogo,中央桟橋の投げ釣りで、イシモチが好調のようです。(磯子12:10)。,曇
2021-05-07 00:00:00,2021-05-07 12:15:00,isogo,東桟橋で1堋のタコを2杯お持ちでした。「3杯目は逃げられた、」との事でした。まだ時間はたっぷりありますので、追釣期待しましょう！(磯子12:15)。,曇
2021-05-07 00:00:00,2021-05-07 12:22:00,isogo,東桟橋では、良型のシロギスやカサゴが釣れています。(磯子12:22)。,曇
2021-05-07 00:00:00,2021-05-07 12:25:00,isogo,東桟橋の浮きフカセ、数はまだ出ていませんがメジナが釣れています。(磯子12:25)。,曇
2021-05-07 00:00:00,2021-05-07 14:49:00,daikoku,桟橋安全巡回時の釣果情報内側先端/フッコ40僉Εタクチイワシ/フッコは、カタクチイワシの泳がせ釣りです。外側先端/アジ/足元のサビキ釣りで釣れています。外側手前/コノシロケーソン/メジナ28/ジャリメの落とし込み釣りです。(大黒14:49）。,曇
2021-05-07 00:00:00,2021-05-07 14:53:00,isogo,南桟橋で浮きフカセ釣りでクロダイ48僂上がりました。付けエサはオキアミをご使用でした。(磯子14:53）。,曇
2021-05-07 00:00:00,2021-05-07 17:43:00,daikoku,桟橋安全巡回時の釣果情報内側先端/カタクチイワシ・コノシロ外側先端/アジ25外側手前/カタクチイワシ(大黒17:43）。,曇
2021-05-08 00:00:00,2021-05-08 00:00:00,honmoku,(5:00)天気：晴れ気温：13℃水温：17.0℃風向：南風速：0〜1.5ｍ潮：中潮満潮：3：14／15：22干潮：9：16／21：21警報/注意報：強風。,
2021-05-08 00:00:00,2021-05-08 04:18:00,daikoku,穏やかな朝を迎えています。日中もお天気が良さそうですが、朝晩の気温差が大きくなりそうです。温度調節のできる服装でお越し下さい。,
2021-05-08 00:00:00,2021-05-08 07:20:00,isogo,お昼過ぎからは、4m/s程度の南風が吹くようです。本日の潮；中潮、満潮；2:59/15:26、干潮；9:15/21:16天気；晴れ、水温18.0℃、気温19.0℃、風；無風。,晴れ
2021-05-08 00:00:00,2021-05-08 07:26:00,daikoku,現在、釣り場は混雑しています。よく晴れていて、波・風ともに穏やかです。ケーソンの溝や足元の落とし込みでクロダイやメジナが釣れています。（大黒7:26）。,晴れ
2021-05-08 00:00:00,2021-05-08 07:35:00,daikoku,内側先端と外側中央付近で、シリヤケイカが釣れています。本日はいまのところオレンジ系の餌木に乗ってきています。外側手前では、タコ（1.7kg）が上がりました。内側中央から先端を中心にカタクチイワシが釣れています。また、サヨリも多少釣れています。アジは今のところ確認できていません。（大黒7:35）。,晴れ
2021-05-08 00:00:00,2021-05-08 10:32:00,daikoku,本日は良く晴れ気温も上がっています。釣り場は多くのお客さまで混雑しています。今の時間、干潮時間で潮の動きが止まってしまっていますので魚の活性も無くなっています。本日はいい潮の濁りなので、これからの上げ潮時に期待です。マスク着用のほか、コロナ感染予防対策もお願いします。（大黒10:32）。,晴れ
2021-05-08 00:00:00,2021-05-08 12:26:00,isogo,南桟橋アジ狙いのサビキ釣りにコノシロ25〜27僂つれています。また、東桟橋でも上がっています。(磯子12:26)。,晴れ
2021-05-08 00:00:00,2021-05-08 12:30:00,isogo,東桟橋浮きフカセ釣りでメバル19僂釣れました。他にカサゴなども上がっています。(磯子12:30)。,晴れ
2021-05-08 00:00:00,2021-05-08 12:38:00,isogo,東桟橋浮きフカセ釣りでメジナが釣れました。また、アジもポツポツ上がっています。(磯子12:38)。,晴れ
2021-05-08 00:00:00,2021-05-08 14:16:00,daikoku,桟橋巡回情報内外でカタクチイワシ・コノシロが釣れています。内側先端シリヤケイカ外側先端カサゴアジの回遊はまだのようです。,曇り
2021-05-08 00:00:00,2021-05-08 14:35:00,isogo,南桟橋奥で29cmのサバが上がっております。他にアジも釣られております。(磯子14:35)。,晴れ
2021-05-08 00:00:00,2021-05-08 14:45:00,isogo,中央桟橋の投げ釣りで40cmのアナゴが上がりました。(磯子14:45)。,晴れ
