Point,Species,Count,SizeMin,SizeMax,WeightMin,WeightMax,Comment,Place
daikoku,アジ,20,15.0,26.0,,,,
daikoku,カサゴ,4,16.0,18.0,,,,
daikoku,コノシロ,2,28.0,30.0,,,,
daikoku,コブダイ,1,60.0,60.0,,,,
daikoku,サバ,1,26.0,26.0,,,,
daikoku,シコイワシ,126,15.0,16.0,,,,
daikoku,シリヤケイカ,2,,,0.4,0.6,,
daikoku,タコ,2,,,0.8,1.5,,
daikoku,ハゼ,1,10.0,10.0,,,,
daikoku,フグ,4,25.0,40.0,,,,
daikoku,メジナ,1,25.0,25.0,,,,
daikoku,メバル,2,17.0,20.0,,,,
honmoku,アジ,14,15.0,22.0,,,,
honmoku,イワシ,8,10.0,12.0,,,,
honmoku,ウミタナゴ,11,17.0,25.0,,,,
honmoku,カサゴ,1,15.0,15.0,,,,
honmoku,カレイ,1,40.0,40.0,,,,
honmoku,クロダイ,4,45.0,51.0,,,,
honmoku,コノシロ,51,25.0,30.0,,,,
honmoku,サバ,4,25.0,28.0,,,,
honmoku,シロギス,6,15.0,20.0,,,,
honmoku,フグ,5,20.0,30.0,,,,
honmoku,フッコ,2,47.0,52.0,,,,
honmoku,メバル,4,18.0,22.0,,,,
isogo,アジ,145,16.0,23.0,,,,
isogo,イワシ,72,10.0,15.0,,,,
isogo,ウミタナゴ,3,15.0,19.0,,,,
isogo,カサゴ,5,16.0,18.0,,,,
isogo,クロダイ,1,46.0,46.0,,,,
isogo,コノシロ,36,27.0,29.0,,,,
isogo,シロギス,2,15.0,17.0,,,,
isogo,タコ,3,,,0.3,0.4,,
isogo,ベラ,1,18.0,18.0,,,,
isogo,メゴチ,2,10.0,12.0,,,,
isogo,メジナ,11,25.0,32.0,,,,
isogo,メバル,15,15.0,18.0,,,,
daikoku,アジ,66,18.0,32.0,,,,
daikoku,イシモチ,1,27.0,27.0,,,,
daikoku,ウミタナゴ,3,20.0,25.0,,,,
daikoku,カサゴ,29,16.0,24.0,,,,
daikoku,クロダイ,17,35.0,45.0,,,,
daikoku,コノシロ,48,25.0,30.0,,,,
daikoku,コブダイ,1,51.0,51.0,,,,
daikoku,サバ,4,20.0,31.0,,,,
daikoku,シコイワシ,933,12.0,15.0,,,,
daikoku,シリヤケイカ,8,,,0.3,0.6,,
daikoku,シロギス,3,18.0,20.0,,,,
daikoku,ヒラメ,2,38.0,38.0,,,,
daikoku,フグ,8,25.0,30.0,,,,
daikoku,フッコ,1,42.0,42.0,,,,
daikoku,メジナ,3,28.0,28.0,,,,
daikoku,メバル,6,20.0,24.0,,,,
honmoku,アジ,122,13.0,24.0,,,,
honmoku,アナゴ,1,43.0,43.0,,,,
honmoku,イシモチ,1,20.0,20.0,,,,
honmoku,イワシ,406,10.0,15.0,,,,
honmoku,ウミタナゴ,10,25.0,29.0,,,,
honmoku,カサゴ,4,18.0,25.0,,,,
honmoku,クロダイ,7,41.0,49.0,,,,
honmoku,コノシロ,36,28.0,30.0,,,,
honmoku,サバ,7,30.0,35.0,,,,
honmoku,シロギス,10,20.0,22.0,,,,
honmoku,フグ,1,18.0,18.0,,,,
honmoku,フッコ,1,50.0,50.0,,,,
honmoku,メゴチ,2,18.0,20.0,,,,
honmoku,メバル,7,18.0,22.0,,,,
isogo,アジ,105,16.0,21.0,,,,
isogo,ウミタナゴ,10,16.0,18.0,,,,
isogo,カサゴ,16,15.0,22.0,,,,
isogo,コノシロ,6,26.0,28.0,,,,
isogo,サバ,2,30.0,31.0,,,,
isogo,シロギス,4,17.0,20.0,,,,
isogo,ソイ,1,16.0,16.0,,,,
isogo,タコ,2,,,0.5,2.4,,
isogo,ハゼ,5,8.0,10.0,,,,
isogo,フグ,3,17.0,20.0,,,,
isogo,ベラ,1,20.0,20.0,,,,
isogo,メゴチ,3,12.0,13.0,,,,
isogo,メジナ,104,20.0,37.0,,,,
isogo,メバル,12,15.0,18.0,,,,
daikoku,アジ,114,15.0,25.0,,,,
daikoku,カサゴ,40,16.0,25.0,,,,
daikoku,クロダイ,18,42.0,49.0,,,,
daikoku,コノシロ,102,25.0,30.0,,,,
daikoku,サバ,4,25.0,31.0,,,,
daikoku,シコイワシ,1898,10.0,15.0,,,,
daikoku,シリヤケイカ,10,,,0.35,0.5,,
daikoku,シロギス,3,10.0,20.0,,,,
daikoku,ハゼ,4,8.0,10.0,,,,
daikoku,フグ,4,30.0,40.0,,,,
daikoku,フッコ,3,45.0,50.0,,,,
daikoku,ベラ,1,20.0,20.0,,,,
daikoku,メジナ,20,25.0,30.0,,,,
daikoku,メバル,15,18.0,29.0,,,,
honmoku,アジ,123,15.0,20.0,,,,
honmoku,アナゴ,1,30.0,30.0,,,,
honmoku,イワシ,86,10.0,17.0,,,,
honmoku,ウミタナゴ,34,10.0,28.0,,,,
honmoku,カサゴ,15,15.0,23.0,,,,
honmoku,カレイ,1,36.0,36.0,,,,
honmoku,クロダイ,17,40.0,50.0,,,,
honmoku,コノシロ,21,28.0,30.0,,,,
honmoku,サバ,8,25.0,32.0,,,,
honmoku,シロギス,14,15.0,25.0,,,,
honmoku,フグ,12,15.0,30.0,,,,
honmoku,ホウボウ,2,18.0,20.0,,,,
honmoku,メバル,15,18.0,25.0,,,,
isogo,アジ,192,16.0,23.0,,,,
isogo,ウミタナゴ,23,16.0,23.0,,,,
isogo,カサゴ,32,16.0,23.0,,,,
isogo,クロダイ,4,36.0,50.0,,,,
isogo,コノシロ,25,26.0,29.0,,,,
isogo,サバ,1,31.0,31.0,,,,
isogo,スズメダイ,2,15.0,16.0,,,,
isogo,スズメダイ,2,15.0,16.0,,,,
isogo,タコ,3,,,0.5,1.3,,
isogo,ハゼ,5,8.0,10.0,,,,
isogo,フグ,3,15.0,20.0,,,,
isogo,フッコ,1,53.0,53.0,,,,
isogo,ベラ,2,18.0,20.0,,,,
isogo,メゴチ,10,8.0,10.0,,,,
isogo,メジナ,91,24.0,38.0,,,,
isogo,メバル,12,16.0,18.0,,,,
daikoku,アジ,87,18.0,25.0,,,,
daikoku,イシモチ,2,25.0,27.0,,,,
daikoku,ウミタナゴ,1,23.0,23.0,,,,
daikoku,カサゴ,22,16.0,24.0,,,,
daikoku,カワハギ,1,20.0,20.0,,,,
daikoku,クロダイ,5,37.0,45.0,,,,
daikoku,コノシロ,43,25.0,30.0,,,,
daikoku,サッパ,1,8.0,8.0,,,,
daikoku,サバ,2,30.0,32.0,,,,
daikoku,シコイワシ,197,10.0,15.0,,,,
daikoku,シリヤケイカ,10,,,0.2,0.6,,
daikoku,シロギス,1,22.0,22.0,,,,
daikoku,スズキ,2,61.0,63.0,,,,
daikoku,ソイ,1,16.0,16.0,,,,
daikoku,タコ,1,,,0.89,0.89,,
daikoku,ハゼ,1,10.0,10.0,,,,
daikoku,フグ,5,20.0,38.0,,,,
daikoku,フッコ,1,43.0,43.0,,,,
daikoku,ベラ,1,20.0,20.0,,,,
daikoku,メジナ,12,23.0,28.0,,,,
daikoku,メバル,10,16.0,26.0,,,,
honmoku,アジ,20,15.0,22.0,,,,
honmoku,アナゴ,3,40.0,50.0,,,,
honmoku,イワシ,10,12.0,14.0,,,,
honmoku,ウミタナゴ,26,20.0,25.0,,,,
honmoku,カサゴ,6,18.0,20.0,,,,
honmoku,クロダイ,1,48.0,48.0,,,,
honmoku,コノシロ,16,25.0,30.0,,,,
honmoku,サバ,3,20.0,25.0,,,,
honmoku,シロギス,12,12.0,25.0,,,,
honmoku,ハゼ,1,10.0,10.0,,,,
honmoku,ヒラメ,1,37.0,37.0,,,,
honmoku,フグ,5,16.0,20.0,,,,
honmoku,メゴチ,1,10.0,10.0,,,,
honmoku,メバル,4,18.0,20.0,,,,
isogo,アジ,211,15.0,20.0,,,,
isogo,イワシ,2,8.0,10.0,,,,
isogo,ウミタナゴ,4,20.0,25.0,,,,
isogo,カサゴ,12,15.0,23.0,,,,
isogo,カレイ,1,20.0,20.0,,,,
isogo,クロダイ,5,42.0,54.0,,,,
isogo,コノシロ,27,26.0,28.0,,,,
isogo,サバ,1,30.0,30.0,,,,
isogo,シロギス,10,12.0,20.0,,,,
isogo,ソイ,1,18.0,18.0,,,,
isogo,タコ,4,,,0.3,1.8,,
isogo,ハゼ,10,10.0,12.0,,,,
isogo,ヒラメ,1,35.0,35.0,,,,
isogo,フグ,1,25.0,25.0,,,,
isogo,ベラ,5,12.0,20.0,,,,
isogo,ボラ,1,40.0,40.0,,,,
isogo,メゴチ,10,5.0,12.0,,,,
isogo,メジナ,47,20.0,30.0,,,,
isogo,メバル,9,17.0,20.0,,,,
daikoku,アジ,362,15.0,20.0,,,,
daikoku,イシモチ,1,25.0,25.0,,,,
daikoku,カサゴ,45,16.0,20.0,,,,
daikoku,ギンポ,2,25.0,25.0,,,,
daikoku,クロダイ,13,30.0,48.0,,,,
daikoku,コノシロ,21,20.0,28.0,,,,
daikoku,サバ,3,30.0,35.0,,,,
daikoku,シコイワシ,87,10.0,15.0,,,,
daikoku,シリヤケイカ,12,,,0.4,0.6,,
daikoku,フグ,3,20.0,20.0,,,,
daikoku,ベラ,2,23.0,23.0,,,,
daikoku,メゴチ,1,15.0,15.0,,,,
daikoku,メジナ,4,20.0,28.0,,,,
daikoku,メバル,19,16.0,26.0,,,,
honmoku,アジ,98,10.0,24.0,,,,
honmoku,イワシ,2,10.0,10.0,,,,
honmoku,ウミタナゴ,42,15.0,25.0,,,,
honmoku,カサゴ,16,15.0,25.0,,,,
honmoku,カレイ,2,28.0,32.0,,,,
honmoku,クロダイ,6,35.0,49.0,,,,
honmoku,コノシロ,20,25.0,30.0,,,,
honmoku,サバ,10,16.0,30.0,,,,
honmoku,シロギス,8,13.0,22.0,,,,
honmoku,フグ,14,10.0,30.0,,,,
honmoku,ベラ,2,20.0,22.0,,,,
honmoku,メバル,40,15.0,25.0,,,,
isogo,アジ,200,16.0,25.0,,,,
isogo,イイダコ,1,,,0.1,0.1,,
isogo,イシモチ,4,22.0,30.0,,,,
isogo,イワシ,9,12.0,13.0,,,,
isogo,ウミタナゴ,24,15.0,25.0,,,,
isogo,カサゴ,10,15.0,19.0,,,,
isogo,クロダイ,1,31.0,31.0,,,,
isogo,コノシロ,59,25.0,30.0,,,,
isogo,タコ,1,,,2.7,2.7,,
isogo,ハゼ,11,10.0,10.0,,,,
isogo,フグ,2,20.0,25.0,,,,
isogo,ベラ,1,15.0,15.0,,,,
isogo,ボラ,1,45.0,45.0,,,,
isogo,メゴチ,4,10.0,15.0,,,,
isogo,メジナ,46,20.0,33.0,,,,
isogo,メバル,13,17.0,20.0,,,,
daikoku,アジ,231,18.0,21.0,,,,
daikoku,イシモチ,2,25.0,28.0,,,,
daikoku,ウミタナゴ,1,23.0,23.0,,,,
daikoku,カサゴ,31,16.0,20.0,,,,
daikoku,カワハギ,1,22.0,22.0,,,,
daikoku,クロダイ,5,30.0,40.0,,,,
daikoku,コノシロ,42,28.0,30.0,,,,
daikoku,サバ,6,25.0,30.0,,,,
daikoku,シコイワシ,208,10.0,15.0,,,,
daikoku,シリヤケイカ,6,,,0.5,0.8,,
daikoku,ハゼ,5,10.0,12.0,,,,
daikoku,フグ,11,16.0,22.0,,,,
daikoku,フッコ,1,48.0,48.0,,,,
daikoku,メジナ,21,26.0,33.0,,,,
daikoku,メバル,36,18.0,23.0,,,,
honmoku,アジ,35,16.0,25.0,,,,
honmoku,イイダコ,1,,,0.1,0.1,,
honmoku,イシモチ,1,22.0,22.0,,,,
honmoku,イワシ,17,8.0,10.0,,,,
honmoku,ウミタナゴ,17,20.0,28.0,,,,
honmoku,カサゴ,9,15.0,20.0,,,,
honmoku,クロダイ,4,30.0,48.0,,,,
honmoku,コノシロ,12,25.0,28.0,,,,
honmoku,サバ,3,30.0,35.0,,,,
honmoku,シロギス,3,20.0,22.0,,,,
honmoku,ハゼ,1,10.0,10.0,,,,
honmoku,フグ,3,15.0,20.0,,,,
honmoku,フッコ,2,45.0,46.0,,,,
honmoku,メゴチ,1,12.0,12.0,,,,
honmoku,メバル,18,18.0,21.0,,,,
isogo,アジ,100,17.0,23.0,,,,
isogo,イシモチ,1,30.0,30.0,,,,
isogo,イワシ,115,13.0,15.0,,,,
isogo,ウミタナゴ,5,18.0,25.0,,,,
isogo,カサゴ,46,15.0,17.0,,,,
isogo,カレイ,2,20.0,22.0,,,,
isogo,ギンポ,1,20.0,20.0,,,,
isogo,クロダイ,6,43.0,46.0,,,,
isogo,コノシロ,103,25.0,30.0,,,,
isogo,サバ,6,30.0,35.0,,,,
isogo,シロギス,4,15.0,18.0,,,,
isogo,ソイ,2,17.0,20.0,,,,
isogo,ハゼ,21,10.0,10.0,,,,
isogo,フグ,3,15.0,35.0,,,,
isogo,ベラ,4,15.0,20.0,,,,
isogo,メゴチ,20,14.0,15.0,,,,
isogo,メジナ,20,23.0,42.0,,,,
isogo,メバル,24,15.0,20.0,,,,
daikoku,アジ,153,13.0,39.0,,,,
daikoku,イシモチ,2,25.0,30.0,,,,
daikoku,ウミタナゴ,3,17.0,23.0,,,,
daikoku,カサゴ,65,16.0,22.0,,,,
daikoku,カワハギ,1,20.0,20.0,,,,
daikoku,クロダイ,8,35.0,45.0,,,,
daikoku,コノシロ,74,25.0,31.0,,,,
daikoku,シコイワシ,2096,10.0,12.0,,,,
daikoku,シリヤケイカ,4,,,0.5,0.6,,
daikoku,シロギス,2,20.0,23.0,,,,
daikoku,スズキ,1,70.0,70.0,,,,
daikoku,ハゼ,1,6.0,6.0,,,,
daikoku,ヒラメ,1,50.0,50.0,,,,
daikoku,フグ,4,10.0,20.0,,,,
daikoku,ベラ,1,20.0,20.0,,,,
daikoku,メジナ,30,25.0,31.0,,,,
daikoku,メバル,17,16.0,26.0,,,,
honmoku,アジ,60,15.0,20.0,,,,
honmoku,イワシ,88,8.0,13.0,,,,
honmoku,ウミタナゴ,22,15.0,23.0,,,,
honmoku,カサゴ,2,20.0,25.0,,,,
honmoku,カレイ,1,25.0,25.0,,,,
honmoku,クロダイ,7,37.0,50.0,,,,
honmoku,コノシロ,11,25.0,30.0,,,,
honmoku,サバ,3,28.0,33.0,,,,
honmoku,シロギス,12,15.0,20.0,,,,
honmoku,ハゼ,11,8.0,10.0,,,,
honmoku,ヒイカ,1,,,0.1,0.1,,
honmoku,ヒラメ,1,20.0,20.0,,,,
honmoku,フグ,12,25.0,30.0,,,,
honmoku,フッコ,1,45.0,45.0,,,,
honmoku,ベラ,1,15.0,15.0,,,,
honmoku,ホウボウ,1,19.0,19.0,,,,
honmoku,メゴチ,5,8.0,10.0,,,,
honmoku,メバル,4,18.0,25.0,,,,
isogo,アジ,129,16.0,22.0,,,,
isogo,イシモチ,1,25.0,25.0,,,,
isogo,イワシ,422,10.0,14.0,,,,
isogo,ウミタナゴ,3,22.0,25.0,,,,
isogo,カサゴ,54,15.0,24.0,,,,
isogo,キジハタ,2,20.0,22.0,,,,
isogo,クロダイ,2,35.0,48.0,,,,
isogo,コノシロ,133,26.0,28.0,,,,
isogo,サバ,4,30.0,35.0,,,,
isogo,シロギス,13,15.0,23.0,,,,
isogo,スズメダイ,1,16.0,16.0,,,,
isogo,ハゼ,15,7.0,10.0,,,,
isogo,フグ,3,20.0,26.0,,,,
isogo,ベラ,3,20.0,22.0,,,,
isogo,メゴチ,12,7.0,12.0,,,,
isogo,メジナ,17,29.0,42.0,,,,
isogo,メバル,3,15.0,18.0,,,,
daikoku,アジ,185,20.0,30.0,,,,
daikoku,イシモチ,2,22.0,30.0,,,,
daikoku,ウミタナゴ,2,20.0,22.0,,,,
daikoku,カサゴ,8,17.0,20.0,,,,
daikoku,クロダイ,11,30.0,50.0,,,,
daikoku,コノシロ,88,18.0,30.0,,,,
daikoku,サバ,4,30.0,40.0,,,,
daikoku,シコイワシ,2855,10.0,12.0,,,,
daikoku,シリヤケイカ,20,,,0.3,0.8,,
daikoku,タコ,1,,,1.0,1.0,,
daikoku,ハゼ,1,10.0,10.0,,,,
daikoku,ヒイカ,1,,,0.1,0.1,,
daikoku,ヒラメ,1,32.0,32.0,,,,
daikoku,フグ,1,30.0,30.0,,,,
daikoku,フッコ,1,45.0,45.0,,,,
daikoku,ボラ,1,50.0,50.0,,,,
daikoku,メジナ,16,25.0,42.0,,,,
daikoku,メバル,24,19.0,25.0,,,,
honmoku,アジ,115,15.0,27.0,,,,
honmoku,イワシ,6,10.0,13.0,,,,
honmoku,ウミタナゴ,20,18.0,25.0,,,,
honmoku,カサゴ,8,18.0,21.0,,,,
honmoku,カレイ,1,36.0,36.0,,,,
honmoku,クロダイ,4,30.0,45.0,,,,
honmoku,コノシロ,13,25.0,28.0,,,,
honmoku,サバ,1,23.0,23.0,,,,
honmoku,シロギス,5,15.0,22.0,,,,
honmoku,ハゼ,3,8.0,10.0,,,,
honmoku,フグ,3,15.0,20.0,,,,
honmoku,メゴチ,1,10.0,10.0,,,,
honmoku,メバル,16,16.0,22.0,,,,
isogo,アジ,150,18.0,30.0,,,,
isogo,イワシ,320,12.0,14.0,,,,
isogo,ウミタナゴ,8,18.0,25.0,,,,
isogo,カサゴ,19,15.0,21.0,,,,
isogo,カワハギ,1,17.0,17.0,,,,
isogo,キジハタ,1,20.0,20.0,,,,
isogo,クロダイ,6,30.0,50.0,,,,
isogo,コノシロ,90,25.0,30.0,,,,
isogo,サバ,1,40.0,40.0,,,,
isogo,シロギス,12,16.0,20.0,,,,
isogo,ハゼ,13,8.0,10.0,,,,
isogo,フグ,5,20.0,35.0,,,,
isogo,メジナ,51,20.0,33.0,,,,
isogo,メバル,8,15.0,21.0,,,,
daikoku,アジ,166,20.0,24.0,,,,
daikoku,ウミタナゴ,1,18.0,18.0,,,,
daikoku,カサゴ,29,18.0,26.0,,,,
daikoku,クロダイ,12,37.0,50.0,,,,
daikoku,コノシロ,40,28.0,30.0,,,,
daikoku,サバ,2,30.0,30.0,,,,
daikoku,シコイワシ,415,10.0,15.0,,,,
daikoku,シリヤケイカ,12,,,0.4,0.5,,
daikoku,シロギス,1,16.0,16.0,,,,
daikoku,タコ,2,,,1.0,1.3,,
daikoku,メジナ,5,25.0,30.0,,,,
daikoku,メバル,2,20.0,20.0,,,,
honmoku,アジ,97,10.0,25.0,,,,
honmoku,イワシ,55,8.0,15.0,,,,
honmoku,ウミタナゴ,11,18.0,22.0,,,,
honmoku,カレイ,1,38.0,38.0,,,,
honmoku,コノシロ,13,20.0,30.0,,,,
honmoku,サバ,3,30.0,33.0,,,,
honmoku,メバル,1,22.0,22.0,,,,
isogo,アジ,48,15.0,20.0,,,,
isogo,イワシ,12,12.0,15.0,,,,
isogo,ウミタナゴ,1,25.0,25.0,,,,
isogo,カサゴ,11,16.0,18.0,,,,
isogo,コノシロ,14,26.0,30.0,,,,
isogo,サバ,8,30.0,40.0,,,,
isogo,シロギス,1,15.0,15.0,,,,
isogo,ハゼ,1,10.0,10.0,,,,
isogo,メジナ,40,26.0,33.0,,,,
isogo,メバル,3,16.0,20.0,,,,
daikoku,アジ,62,20.0,22.0,,,,
daikoku,イシモチ,2,20.0,22.0,,,,
daikoku,ウミタナゴ,1,20.0,20.0,,,,
daikoku,カサゴ,1,20.0,20.0,,,,
daikoku,クロダイ,14,35.0,50.0,,,,
daikoku,コノシロ,28,25.0,30.0,,,,
daikoku,サバ,1,36.0,36.0,,,,
daikoku,シコイワシ,2214,10.0,15.0,,,,
daikoku,シリヤケイカ,13,,,0.4,0.7,,
daikoku,セイゴ,1,35.0,35.0,,,,
daikoku,ヒラメ,1,41.0,41.0,,,,
daikoku,フッコ,2,43.0,56.0,,,,
daikoku,メジナ,1,25.0,25.0,,,,
daikoku,メバル,1,20.0,20.0,,,,
honmoku,アジ,44,15.0,22.0,,,,
honmoku,イワシ,5,10.0,10.0,,,,
honmoku,ウミタナゴ,15,20.0,22.0,,,,
honmoku,クロダイ,4,38.0,45.0,,,,
honmoku,コノシロ,16,25.0,30.0,,,,
honmoku,サバ,1,32.0,32.0,,,,
honmoku,シロギス,6,15.0,20.0,,,,
honmoku,タコ,1,,,1.2,1.2,,
isogo,アジ,130,15.0,19.0,,,,
isogo,ウミタナゴ,8,15.0,20.0,,,,
isogo,コノシロ,6,25.0,28.0,,,,
isogo,スズキ,1,66.0,66.0,,,,
isogo,ソイ,1,20.0,20.0,,,,
isogo,タコ,1,,,3.0,3.0,,
isogo,ハゼ,5,7.0,10.0,,,,
isogo,フグ,2,15.0,18.0,,,,
isogo,メゴチ,1,10.0,10.0,,,,
isogo,メジナ,16,22.0,28.0,,,,
isogo,メバル,12,16.0,20.0,,,,
daikoku,アジ,50,15.0,27.0,,,,
daikoku,イシモチ,6,22.0,30.0,,,,
daikoku,ウミタナゴ,1,21.0,21.0,,,,
daikoku,カサゴ,15,16.0,20.0,,,,
daikoku,ギンポ,1,12.0,12.0,,,,
daikoku,クロダイ,7,30.0,43.0,,,,
daikoku,コノシロ,44,27.0,30.0,,,,
daikoku,サバ,2,25.0,30.0,,,,
daikoku,サヨリ,1,37.0,37.0,,,,
daikoku,シコイワシ,1611,12.0,20.0,,,,
daikoku,シリヤケイカ,29,,,0.4,0.7,,
daikoku,シロギス,1,22.0,22.0,,,,
daikoku,タコ,1,,,0.6,0.6,,
daikoku,ヒラメ,2,38.0,42.0,,,,
daikoku,フグ,2,25.0,28.0,,,,
daikoku,フッコ,4,40.0,45.0,,,,
daikoku,ベラ,1,17.0,17.0,,,,
daikoku,メジナ,18,24.0,29.0,,,,
daikoku,メバル,13,20.0,25.0,,,,
honmoku,アジ,65,15.0,27.0,,,,
honmoku,イワシ,2280,8.0,15.0,,,,
honmoku,ウミタナゴ,19,20.0,25.0,,,,
honmoku,カサゴ,2,17.0,20.0,,,,
honmoku,カマス,1,20.0,20.0,,,,
honmoku,クロダイ,5,45.0,53.0,,,,
honmoku,コノシロ,12,20.0,25.0,,,,
honmoku,シロギス,7,15.0,20.0,,,,
honmoku,ハゼ,1,12.0,12.0,,,,
honmoku,フグ,2,20.0,20.0,,,,
honmoku,フッコ,1,50.0,50.0,,,,
honmoku,メバル,14,15.0,21.0,,,,
isogo,アジ,89,16.0,26.0,,,,
isogo,ウミタナゴ,15,16.0,20.0,,,,
isogo,カサゴ,16,16.0,25.0,,,,
isogo,カレイ,2,20.0,30.0,,,,
isogo,クロダイ,7,30.0,48.0,,,,
isogo,コノシロ,29,26.0,28.0,,,,
isogo,サバ,2,30.0,30.0,,,,
isogo,タコ,1,,,1.8,1.8,,
isogo,ハゼ,7,8.0,10.0,,,,
isogo,ベラ,3,20.0,22.0,,,,
isogo,メゴチ,6,10.0,14.0,,,,
isogo,メジナ,26,24.0,30.0,,,,
isogo,メバル,7,15.0,21.0,,,,
daikoku,アジ,125,16.0,25.0,,,,
daikoku,ウミタナゴ,3,20.0,25.0,,,,
daikoku,カサゴ,27,16.0,19.0,,,,
daikoku,クロダイ,7,35.0,47.0,,,,
daikoku,コノシロ,62,17.0,28.0,,,,
daikoku,コブダイ,1,61.0,61.0,,,,
daikoku,サバ,12,20.0,35.0,,,,
daikoku,シコイワシ,2297,10.0,19.0,,,,
daikoku,シリヤケイカ,26,,,0.3,0.6,,
daikoku,シロギス,2,10.0,20.0,,,,
daikoku,ソイ,1,16.0,16.0,,,,
daikoku,タコ,1,,,1.0,1.0,,
daikoku,ヒラメ,1,41.0,41.0,,,,
daikoku,フグ,6,20.0,30.0,,,,
daikoku,フッコ,5,40.0,55.0,,,,
daikoku,ベラ,1,20.0,20.0,,,,
daikoku,メジナ,8,23.0,27.0,,,,
daikoku,メバル,12,16.0,20.0,,,,
honmoku,アジ,68,18.0,25.0,,,,
honmoku,イワシ,1066,8.0,15.0,,,,
honmoku,ウミタナゴ,17,15.0,28.0,,,,
honmoku,カサゴ,5,16.0,18.0,,,,
honmoku,クロダイ,2,31.0,48.0,,,,
honmoku,コノシロ,11,25.0,30.0,,,,
honmoku,サバ,3,28.0,40.0,,,,
honmoku,サヨリ,1,32.0,32.0,,,,
honmoku,シロギス,10,15.0,24.0,,,,
honmoku,ハゼ,1,13.0,13.0,,,,
honmoku,フグ,3,10.0,20.0,,,,
honmoku,フッコ,1,56.0,56.0,,,,
honmoku,メゴチ,1,6.0,6.0,,,,
honmoku,メバル,19,18.0,24.0,,,,
isogo,アジ,150,18.0,25.0,,,,
isogo,アナゴ,1,30.0,30.0,,,,
isogo,イシモチ,7,25.0,28.0,,,,
isogo,イワシ,36,12.0,14.0,,,,
isogo,ウミタナゴ,22,16.0,23.0,,,,
isogo,カサゴ,13,16.0,18.0,,,,
isogo,クロダイ,2,45.0,52.0,,,,
isogo,コノシロ,85,26.0,30.0,,,,
isogo,サバ,2,28.0,38.0,,,,
isogo,シリヤケイカ,1,,,0.6,0.6,,
isogo,シロギス,1,20.0,20.0,,,,
isogo,スズメダイ,1,15.0,15.0,,,,
isogo,タコ,2,,,1.9,2.5,,
isogo,ハゼ,3,8.0,10.0,,,,
isogo,フグ,3,18.0,28.0,,,,
isogo,マダイ,1,18.0,18.0,,,,
isogo,メゴチ,7,8.0,10.0,,,,
isogo,メジナ,65,22.0,43.0,,,,
isogo,メバル,16,15.0,18.0,,,,
daikoku,アジ,154,15.0,25.0,,,,
daikoku,イシモチ,2,20.0,23.0,,,,
daikoku,ウミタナゴ,1,22.0,22.0,,,,
daikoku,カサゴ,7,16.0,20.0,,,,
daikoku,クロダイ,3,36.0,45.0,,,,
daikoku,コノシロ,31,25.0,30.0,,,,
daikoku,サバ,2,30.0,30.0,,,,
daikoku,シコイワシ,4629,12.0,20.0,,,,
daikoku,シリヤケイカ,9,,,0.3,0.6,,
daikoku,ヒラメ,2,39.0,39.0,,,,
daikoku,フグ,3,20.0,25.0,,,,
daikoku,フッコ,2,50.0,55.0,,,,
daikoku,メジナ,15,25.0,28.0,,,,
daikoku,メバル,9,16.0,26.0,,,,
honmoku,アジ,116,10.0,24.0,,,,
honmoku,イワシ,763,7.0,12.0,,,,
honmoku,ウミタナゴ,10,15.0,20.0,,,,
honmoku,クロダイ,11,32.0,48.0,,,,
honmoku,コノシロ,15,25.0,30.0,,,,
honmoku,サバ,11,25.0,35.0,,,,
honmoku,シロギス,4,15.0,16.0,,,,
honmoku,フグ,1,15.0,15.0,,,,
isogo,アジ,50,15.0,27.0,,,,
isogo,イワシ,11,10.0,15.0,,,,
isogo,ウミタナゴ,16,18.0,20.0,,,,
isogo,カサゴ,10,15.0,21.0,,,,
isogo,クロダイ,3,35.0,45.0,,,,
isogo,コノシロ,38,25.0,30.0,,,,
isogo,サバ,7,27.0,35.0,,,,
isogo,スズメダイ,1,13.0,13.0,,,,
isogo,ハゼ,3,10.0,10.0,,,,
isogo,フグ,2,15.0,30.0,,,,
isogo,ベラ,2,18.0,20.0,,,,
isogo,メゴチ,3,10.0,15.0,,,,
isogo,メジナ,7,25.0,27.0,,,,
isogo,メバル,5,15.0,18.0,,,,
daikoku,アジ,29,18.0,24.0,,,,
daikoku,カサゴ,38,17.0,26.0,,,,
daikoku,キジハタ,1,23.0,23.0,,,,
daikoku,クロダイ,5,40.0,45.0,,,,
daikoku,コノシロ,45,23.0,28.0,,,,
daikoku,サバ,7,15.0,31.0,,,,
daikoku,シコイワシ,3823,10.0,15.0,,,,
daikoku,シリヤケイカ,5,,,0.4,0.5,,
daikoku,シロギス,1,17.0,17.0,,,,
daikoku,タコ,1,,,2.59,2.59,,
daikoku,ハゼ,1,10.0,10.0,,,,
daikoku,フグ,2,15.0,20.0,,,,
daikoku,メジナ,14,20.0,25.0,,,,
daikoku,メバル,18,19.0,23.0,,,,
honmoku,アジ,60,18.0,25.0,,,,
honmoku,イサキ,1,20.0,20.0,,,,
honmoku,イワシ,3334,10.0,14.0,,,,
honmoku,ウミタナゴ,9,20.0,22.0,,,,
honmoku,カサゴ,3,22.0,23.0,,,,
honmoku,カワハギ,1,15.0,15.0,,,,
honmoku,クロダイ,1,45.0,45.0,,,,
honmoku,コノシロ,68,25.0,30.0,,,,
honmoku,サバ,1,30.0,30.0,,,,
honmoku,サヨリ,1,30.0,30.0,,,,
honmoku,シロギス,9,15.0,25.0,,,,
honmoku,スズキ,1,85.0,85.0,,,,
honmoku,ハゼ,5,8.0,10.0,,,,
honmoku,フグ,4,20.0,30.0,,,,
honmoku,フッコ,1,45.0,45.0,,,,
honmoku,ベラ,5,14.0,21.0,,,,
honmoku,メゴチ,8,8.0,12.0,,,,
honmoku,メバル,1,18.0,18.0,,,,
isogo,アジ,39,15.0,22.0,,,,
isogo,イワシ,35,8.0,12.0,,,,
isogo,ウミタナゴ,9,15.0,22.0,,,,
isogo,カサゴ,22,15.0,25.0,,,,
isogo,ギンポ,1,25.0,25.0,,,,
isogo,クロダイ,4,45.0,51.0,,,,
isogo,コノシロ,156,25.0,30.0,,,,
isogo,サバ,4,25.0,30.0,,,,
isogo,シロギス,8,12.0,20.0,,,,
isogo,スズメダイ,1,12.0,12.0,,,,
isogo,ハゼ,10,8.0,10.0,,,,
isogo,フグ,9,15.0,20.0,,,,
isogo,ベラ,2,15.0,20.0,,,,
isogo,メゴチ,8,10.0,12.0,,,,
isogo,メジナ,14,25.0,32.0,,,,
isogo,メバル,4,15.0,20.0,,,,
daikoku,アジ,94,18.0,23.0,,,,
daikoku,イシモチ,5,22.0,25.0,,,,
daikoku,カサゴ,25,16.0,20.0,,,,
daikoku,カレイ,1,20.0,20.0,,,,
daikoku,クロダイ,2,40.0,46.0,,,,
daikoku,コノシロ,33,20.0,35.0,,,,
daikoku,サッパ,1,12.0,12.0,,,,
daikoku,サバ,2,26.0,30.0,,,,
daikoku,シコイワシ,2742,10.0,18.0,,,,
daikoku,シリヤケイカ,32,,,0.2,0.7,,
daikoku,シロギス,2,20.0,22.0,,,,
daikoku,スズキ,1,71.0,71.0,,,,
daikoku,フグ,1,20.0,20.0,,,,
daikoku,フッコ,2,43.0,55.0,,,,
daikoku,ベラ,1,20.0,20.0,,,,
daikoku,メゴチ,1,15.0,15.0,,,,
daikoku,メジナ,7,20.0,30.0,,,,
daikoku,メバル,12,19.0,23.0,,,,
honmoku,アジ,113,10.0,20.0,,,,
honmoku,イワシ,695,8.0,12.0,,,,
honmoku,ウミタナゴ,14,20.0,25.0,,,,
honmoku,カサゴ,2,15.0,18.0,,,,
honmoku,カレイ,2,24.0,30.0,,,,
honmoku,コノシロ,32,22.0,30.0,,,,
honmoku,サバ,1,26.0,26.0,,,,
honmoku,シロギス,8,10.0,25.0,,,,
honmoku,ハゼ,1,10.0,10.0,,,,
honmoku,メバル,23,20.0,24.0,,,,
isogo,アジ,114,15.0,23.0,,,,
isogo,イワシ,388,10.0,12.0,,,,
isogo,ウミタナゴ,11,17.0,25.0,,,,
isogo,カサゴ,6,15.0,20.0,,,,
isogo,クロダイ,1,40.0,40.0,,,,
isogo,コノシロ,109,25.0,30.0,,,,
isogo,シロギス,5,14.0,18.0,,,,
isogo,スズメダイ,2,12.0,15.0,,,,
isogo,ハゼ,15,10.0,12.0,,,,
isogo,フグ,12,10.0,25.0,,,,
isogo,ベラ,2,20.0,22.0,,,,
isogo,メゴチ,3,10.0,12.0,,,,
isogo,メジナ,36,15.0,32.0,,,,
isogo,メバル,10,15.0,20.0,,,,
daikoku,アジ,183,20.0,27.0,,,,
daikoku,イシモチ,9,20.0,25.0,,,,
daikoku,ウミタナゴ,5,20.0,28.0,,,,
daikoku,カサゴ,33,16.0,25.0,,,,
daikoku,クロダイ,5,35.0,45.0,,,,
daikoku,コノシロ,74,25.0,28.0,,,,
daikoku,サバ,6,10.0,30.0,,,,
daikoku,サヨリ,4,25.0,30.0,,,,
daikoku,シコイワシ,4628,10.0,15.0,,,,
daikoku,シリヤケイカ,33,,,0.3,0.8,,
daikoku,スズキ,1,70.0,70.0,,,,
daikoku,ソイ,1,18.0,18.0,,,,
daikoku,ヒイカ,1,,,0.1,0.1,,
daikoku,ヒラメ,1,42.0,42.0,,,,
daikoku,フグ,3,12.0,30.0,,,,
daikoku,ベラ,1,20.0,20.0,,,,
daikoku,ボラ,1,60.0,60.0,,,,
daikoku,メゴチ,1,20.0,20.0,,,,
daikoku,メジナ,12,25.0,32.0,,,,
daikoku,メバル,7,20.0,22.0,,,,
honmoku,アジ,112,10.0,22.0,,,,
honmoku,イシモチ,3,24.0,25.0,,,,
honmoku,イワシ,1611,10.0,13.0,,,,
honmoku,ウミタナゴ,11,18.0,28.0,,,,
honmoku,カサゴ,16,20.0,24.0,,,,
honmoku,カレイ,2,28.0,28.0,,,,
honmoku,クロダイ,3,40.0,50.0,,,,
honmoku,コノシロ,32,25.0,30.0,,,,
honmoku,サバ,3,30.0,30.0,,,,
honmoku,シリヤケイカ,2,,,0.5,0.7,,
honmoku,ヒラメ,2,34.0,35.0,,,,
honmoku,フグ,4,20.0,25.0,,,,
honmoku,フッコ,1,49.0,49.0,,,,
honmoku,メバル,16,18.0,23.0,,,,
isogo,アジ,227,12.0,26.0,,,,
isogo,イワシ,3,10.0,12.0,,,,
isogo,ウミタナゴ,1,20.0,20.0,,,,
isogo,カサゴ,18,15.0,20.0,,,,
isogo,カレイ,1,22.0,22.0,,,,
isogo,クロダイ,3,35.0,45.0,,,,
isogo,コノシロ,41,26.0,29.0,,,,
isogo,サバ,1,40.0,40.0,,,,
isogo,シロギス,9,17.0,23.0,,,,
isogo,タコ,1,,,1.0,1.0,,
isogo,ハゼ,3,10.0,10.0,,,,
isogo,メゴチ,4,10.0,13.0,,,,
isogo,メジナ,5,25.0,28.0,,,,
isogo,メバル,6,15.0,17.0,,,,
daikoku,アジ,442,15.0,23.0,,,,
daikoku,アナゴ,1,53.0,53.0,,,,
daikoku,イシモチ,2,25.0,30.0,,,,
daikoku,カサゴ,40,16.0,25.0,,,,
daikoku,クロダイ,6,35.0,48.0,,,,
daikoku,コノシロ,56,20.0,28.0,,,,
daikoku,サバ,4,25.0,35.0,,,,
daikoku,サヨリ,1,30.0,30.0,,,,
daikoku,シコイワシ,5656,10.0,15.0,,,,
daikoku,シリヤケイカ,26,,,0.3,0.6,,
daikoku,スズキ,1,72.0,72.0,,,,
daikoku,タコ,1,,,1.0,1.0,,
daikoku,ハゼ,1,15.0,15.0,,,,
daikoku,フグ,4,25.0,30.0,,,,
daikoku,マゴチ,1,50.0,50.0,,,,
daikoku,メジナ,9,27.0,30.0,,,,
daikoku,メバル,10,16.0,20.0,,,,
honmoku,アジ,239,15.0,23.0,,,,
honmoku,イワシ,2830,10.0,13.0,,,,
honmoku,ウミタナゴ,4,20.0,25.0,,,,
honmoku,カサゴ,14,16.0,20.0,,,,
honmoku,カレイ,1,42.0,42.0,,,,
honmoku,クロダイ,5,39.0,45.0,,,,
honmoku,コノシロ,62,20.0,28.0,,,,
honmoku,シロギス,2,16.0,18.0,,,,
honmoku,ハゼ,1,10.0,10.0,,,,
honmoku,フッコ,1,45.0,45.0,,,,
honmoku,マダイ,1,20.0,20.0,,,,
honmoku,メバル,13,16.0,25.0,,,,
isogo,アジ,175,18.0,25.0,,,,
isogo,イワシ,149,8.0,12.0,,,,
isogo,ウミタナゴ,4,15.0,18.0,,,,
isogo,オオモンハタ,1,20.0,20.0,,,,
isogo,カサゴ,17,16.0,20.0,,,,
isogo,クロダイ,6,28.0,47.0,,,,
isogo,コノシロ,136,23.0,28.0,,,,
isogo,サバ,2,30.0,35.0,,,,
isogo,シロギス,1,20.0,20.0,,,,
isogo,タコ,1,,,0.6,0.6,,
isogo,ハゼ,8,8.0,12.0,,,,
isogo,メジナ,18,20.0,38.0,,,,
isogo,メバル,5,15.0,20.0,,,,
daikoku,アジ,277,16.0,25.0,,,,
daikoku,イシモチ,2,23.0,25.0,,,,
daikoku,ウミタナゴ,2,25.0,26.0,,,,
daikoku,カサゴ,18,16.0,25.0,,,,
daikoku,カタクチイワシ,8447,12.0,15.0,,,,
daikoku,クロダイ,11,35.0,41.0,,,,
daikoku,コノシロ,41,25.0,29.0,,,,
daikoku,サッパ,1,10.0,10.0,,,,
daikoku,シリヤケイカ,22,,,0.3,0.6,,
daikoku,ソイ,2,18.0,20.0,,,,
daikoku,ヒラメ,2,35.0,40.0,,,,
daikoku,フグ,2,30.0,30.0,,,,
daikoku,フッコ,2,50.0,55.0,,,,
daikoku,メジナ,3,26.0,30.0,,,,
daikoku,メバル,3,18.0,20.0,,,,
honmoku,アジ,226,15.0,25.0,,,,
honmoku,イワシ,884,10.0,13.0,,,,
honmoku,ウミタナゴ,13,20.0,29.0,,,,
honmoku,カサゴ,16,15.0,25.0,,,,
honmoku,カレイ,2,34.0,34.0,,,,
honmoku,クロダイ,8,38.0,45.0,,,,
honmoku,コノシロ,38,25.0,28.0,,,,
honmoku,シロギス,5,15.0,20.0,,,,
honmoku,タコ,1,,,0.1,0.1,,
honmoku,フグ,1,25.0,25.0,,,,
honmoku,メバル,7,20.0,23.0,,,,
isogo,アジ,233,16.0,25.0,,,,
isogo,アナゴ,4,30.0,35.0,,,,
isogo,ウミタナゴ,7,15.0,27.0,,,,
isogo,カサゴ,36,15.0,20.0,,,,
isogo,カレイ,1,20.0,20.0,,,,
isogo,ギンポ,1,18.0,18.0,,,,
isogo,クロダイ,2,43.0,47.0,,,,
isogo,コノシロ,145,25.0,30.0,,,,
isogo,シロギス,9,15.0,21.0,,,,
isogo,タコ,1,,,2.4,2.4,,
isogo,ハゼ,3,7.0,10.0,,,,
isogo,フグ,9,15.0,28.0,,,,
isogo,ベラ,2,15.0,19.0,,,,
isogo,マゴチ,1,48.0,48.0,,,,
isogo,メジナ,9,23.0,30.0,,,,
isogo,メバル,10,15.0,20.0,,,,
daikoku,アジ,289,16.0,30.0,,,,
daikoku,イシモチ,12,20.0,25.0,,,,
daikoku,ウミタナゴ,1,25.0,25.0,,,,
daikoku,カサゴ,30,10.0,23.0,,,,
daikoku,カタクチイワシ,7967,10.0,15.0,,,,
daikoku,カレイ,1,30.0,30.0,,,,
daikoku,クロダイ,8,45.0,49.0,,,,
daikoku,コショウダイ,1,24.0,24.0,,,,
daikoku,コノシロ,13,25.0,28.0,,,,
daikoku,サバ,1,30.0,30.0,,,,
daikoku,シリヤケイカ,17,,,0.3,0.8,,
daikoku,シロギス,1,23.0,23.0,,,,
daikoku,スズキ,1,65.0,65.0,,,,
daikoku,タコ,1,,,0.8,0.8,,
daikoku,ヒラメ,1,37.0,37.0,,,,
daikoku,メジナ,20,20.0,32.0,,,,
daikoku,メバル,6,18.0,22.0,,,,
honmoku,アジ,183,10.0,27.0,,,,
honmoku,イワシ,906,8.0,13.0,,,,
honmoku,ウミタナゴ,7,20.0,25.0,,,,
honmoku,カサゴ,12,15.0,20.0,,,,
honmoku,クロダイ,15,33.0,45.0,,,,
honmoku,コノシロ,51,25.0,30.0,,,,
honmoku,シロギス,5,15.0,20.0,,,,
honmoku,ハゼ,1,10.0,10.0,,,,
honmoku,フグ,7,15.0,25.0,,,,
honmoku,メゴチ,9,8.0,10.0,,,,
honmoku,メバル,9,15.0,25.0,,,,
isogo,アジ,287,15.0,22.0,,,,
isogo,アナゴ,1,45.0,45.0,,,,
isogo,イシモチ,4,26.0,30.0,,,,
isogo,イワシ,36,10.0,12.0,,,,
isogo,ウミタナゴ,2,15.0,18.0,,,,
isogo,カサゴ,20,15.0,23.0,,,,
isogo,クロダイ,2,35.0,50.0,,,,
isogo,コノシロ,144,25.0,30.0,,,,
isogo,サバ,1,35.0,35.0,,,,
isogo,シロギス,1,17.0,17.0,,,,
isogo,ハゼ,6,8.0,10.0,,,,
isogo,フグ,2,10.0,13.0,,,,
isogo,ベラ,1,20.0,20.0,,,,
isogo,メジナ,37,22.0,32.0,,,,
isogo,メバル,5,15.0,18.0,,,,
daikoku,アジ,94,20.0,25.0,,,,
daikoku,アナゴ,1,40.0,40.0,,,,
daikoku,カサゴ,39,16.0,20.0,,,,
daikoku,カタクチイワシ,6429,10.0,16.0,,,,
daikoku,カワハギ,1,18.0,18.0,,,,
daikoku,クロダイ,3,25.0,41.0,,,,
daikoku,コノシロ,50,25.0,30.0,,,,
daikoku,サヨリ,5,25.0,30.0,,,,
daikoku,シリヤケイカ,17,,,0.3,0.8,,
daikoku,タコ,2,,,1.0,1.5,,
daikoku,ハゼ,2,10.0,10.0,,,,
daikoku,ヒラメ,1,35.0,35.0,,,,
daikoku,フグ,3,15.0,20.0,,,,
daikoku,マダイ,1,20.0,20.0,,,,
daikoku,メゴチ,1,10.0,10.0,,,,
daikoku,メジナ,28,25.0,30.0,,,,
daikoku,メバル,10,16.0,20.0,,,,
honmoku,アジ,122,13.0,26.0,,,,
honmoku,アナゴ,1,30.0,30.0,,,,
honmoku,イシモチ,3,26.0,28.0,,,,
honmoku,イワシ,3090,10.0,14.0,,,,
honmoku,ウミタナゴ,5,20.0,25.0,,,,
honmoku,カサゴ,20,15.0,23.0,,,,
honmoku,クロダイ,4,40.0,48.0,,,,
honmoku,コノシロ,48,25.0,30.0,,,,
honmoku,サバ,3,25.0,43.0,,,,
honmoku,シリヤケイカ,1,,,0.6,0.6,,
honmoku,シロギス,15,12.0,23.0,,,,
honmoku,タコ,1,,,0.3,0.3,,
honmoku,ハゼ,9,10.0,12.0,,,,
honmoku,ヒラメ,2,40.0,42.0,,,,
honmoku,フグ,12,16.0,30.0,,,,
honmoku,フッコ,2,45.0,45.0,,,,
honmoku,ベラ,2,20.0,20.0,,,,
honmoku,メゴチ,1,15.0,15.0,,,,
honmoku,メジナ,1,30.0,30.0,,,,
honmoku,メバル,8,22.0,23.0,,,,
isogo,アオリイカ,1,,,2.0,2.0,,
isogo,アジ,137,15.0,25.0,,,,
isogo,イシモチ,1,25.0,25.0,,,,
isogo,イワシ,830,8.0,15.0,,,,
isogo,ウミタナゴ,4,13.0,20.0,,,,
isogo,カサゴ,70,15.0,30.0,,,,
isogo,カレイ,1,31.0,31.0,,,,
isogo,クロダイ,3,40.0,48.0,,,,
isogo,コノシロ,284,25.0,30.0,,,,
isogo,シロギス,15,16.0,19.0,,,,
isogo,ソイ,1,24.0,24.0,,,,
isogo,ハゼ,9,8.0,10.0,,,,
isogo,ヒラメ,2,35.0,37.0,,,,
isogo,フグ,3,10.0,25.0,,,,
isogo,フッコ,1,45.0,45.0,,,,
isogo,ベラ,2,18.0,20.0,,,,
isogo,マダイ,1,20.0,20.0,,,,
isogo,メゴチ,6,10.0,12.0,,,,
isogo,メジナ,9,25.0,35.0,,,,
isogo,メバル,6,15.0,18.0,,,,
daikoku,アジ,5,18.0,30.0,,,,
daikoku,カサゴ,27,16.0,28.0,,,,
daikoku,カタクチイワシ,4199,10.0,15.0,,,,
daikoku,カマス,1,39.0,39.0,,,,
daikoku,クロダイ,2,40.0,48.0,,,,
daikoku,コノシロ,76,25.0,30.0,,,,
daikoku,サッパ,101,10.0,15.0,,,,
daikoku,サバ,2,28.0,30.0,,,,
daikoku,サヨリ,2,30.0,36.0,,,,
daikoku,シリヤケイカ,12,,,0.5,0.6,,
daikoku,シロギス,2,18.0,20.0,,,,
daikoku,タコ,3,,,0.7,1.03,,
daikoku,ハゼ,1,18.0,18.0,,,,
daikoku,ヒイカ,1,,,0.1,0.1,,
daikoku,ヒラメ,2,33.0,38.0,,,,
daikoku,フグ,9,25.0,40.0,,,,
daikoku,フッコ,1,54.0,54.0,,,,
daikoku,マダイ,1,20.0,20.0,,,,
daikoku,メジナ,6,25.0,31.0,,,,
daikoku,メバル,4,18.0,25.0,,,,
honmoku,アジ,20,18.0,23.0,,,,
honmoku,イワシ,4718,10.0,13.0,,,,
honmoku,ウミタナゴ,6,15.0,26.0,,,,
honmoku,カサゴ,2,18.0,22.0,,,,
honmoku,クロダイ,3,30.0,48.0,,,,
honmoku,コノシロ,28,25.0,30.0,,,,
honmoku,サバ,4,38.0,39.0,,,,
honmoku,シリヤケイカ,1,,,0.4,0.4,,
honmoku,シロギス,7,13.0,22.0,,,,
honmoku,タコ,2,,,0.2,0.5,,
honmoku,ハゼ,1,10.0,10.0,,,,
honmoku,フグ,7,20.0,40.0,,,,
honmoku,フッコ,1,43.0,43.0,,,,
honmoku,ベラ,3,18.0,22.0,,,,
honmoku,ボラ,1,40.0,40.0,,,,
honmoku,メゴチ,4,10.0,12.0,,,,
honmoku,メバル,2,20.0,20.0,,,,
isogo,アジ,72,15.0,28.0,,,,
isogo,イシモチ,2,26.0,27.0,,,,
isogo,イワシ,508,10.0,12.0,,,,
isogo,ウミタナゴ,6,15.0,25.0,,,,
isogo,カサゴ,29,15.0,25.0,,,,
isogo,カレイ,2,20.0,35.0,,,,
isogo,カワハギ,1,13.0,13.0,,,,
isogo,キジハタ,1,18.0,18.0,,,,
isogo,クロダイ,1,47.0,47.0,,,,
isogo,コノシロ,201,25.0,30.0,,,,
isogo,コブダイ,1,17.0,17.0,,,,
isogo,サバ,3,32.0,35.0,,,,
isogo,シロギス,7,15.0,22.0,,,,
isogo,ソイ,1,18.0,18.0,,,,
isogo,ハゼ,17,8.0,12.0,,,,
isogo,フグ,9,12.0,25.0,,,,
isogo,ベラ,3,16.0,20.0,,,,
isogo,メゴチ,8,10.0,12.0,,,,
isogo,メジナ,6,20.0,25.0,,,,
isogo,メバル,6,15.0,20.0,,,,
daikoku,アジ,11,20.0,28.0,,,,
daikoku,カサゴ,12,16.0,21.0,,,,
daikoku,カタクチイワシ,2182,10.0,15.0,,,,
daikoku,カワハギ,1,23.0,23.0,,,,
daikoku,クロダイ,3,35.0,41.0,,,,
daikoku,コノシロ,33,22.0,27.0,,,,
daikoku,サヨリ,3,25.0,27.0,,,,
daikoku,シリヤケイカ,27,,,0.4,0.6,,
daikoku,ソイ,1,20.0,20.0,,,,
daikoku,タコ,1,,,1.0,1.0,,
daikoku,ハゼ,1,10.0,10.0,,,,
daikoku,フグ,3,15.0,30.0,,,,
daikoku,メジナ,7,25.0,28.0,,,,
daikoku,メバル,3,16.0,20.0,,,,
honmoku,アジ,6,15.0,20.0,,,,
honmoku,イワシ,1106,10.0,13.0,,,,
honmoku,ウミタナゴ,3,15.0,25.0,,,,
honmoku,カサゴ,4,20.0,23.0,,,,
honmoku,カレイ,1,24.0,24.0,,,,
honmoku,クロダイ,4,40.0,46.0,,,,
honmoku,コノシロ,20,20.0,30.0,,,,
honmoku,シロギス,5,17.0,20.0,,,,
honmoku,セイゴ,1,35.0,35.0,,,,
honmoku,タコ,1,,,0.2,0.2,,
honmoku,フグ,2,20.0,25.0,,,,
honmoku,フッコ,1,53.0,53.0,,,,
honmoku,メゴチ,3,10.0,10.0,,,,
isogo,アジ,54,15.0,26.0,,,,
isogo,イワシ,77,10.0,12.0,,,,
isogo,カサゴ,5,15.0,20.0,,,,
isogo,クロダイ,5,37.0,47.0,,,,
isogo,コノシロ,84,25.0,30.0,,,,
isogo,サバ,2,37.0,40.0,,,,
isogo,シロギス,1,18.0,18.0,,,,
isogo,タコ,2,,,1.0,1.2,,
isogo,メゴチ,1,17.0,17.0,,,,
isogo,メジナ,14,28.0,31.0,,,,
isogo,メバル,10,15.0,20.0,,,,
daikoku,アジ,40,18.0,25.0,,,,
daikoku,アナゴ,1,50.0,50.0,,,,
daikoku,イシモチ,4,20.0,31.0,,,,
daikoku,カサゴ,24,17.0,25.0,,,,
daikoku,カタクチイワシ,4944,10.0,15.0,,,,
daikoku,クロダイ,1,35.0,35.0,,,,
daikoku,コノシロ,61,25.0,30.0,,,,
daikoku,サバ,2,30.0,35.0,,,,
daikoku,サヨリ,5,28.0,30.0,,,,
daikoku,シリヤケイカ,26,,,0.5,0.6,,
daikoku,タコ,2,,,2.0,2.26,,
daikoku,ヒラメ,1,37.0,37.0,,,,
daikoku,フグ,2,20.0,26.0,,,,
daikoku,ベラ,2,18.0,18.0,,,,
daikoku,メジナ,8,29.0,32.0,,,,
daikoku,メバル,6,20.0,25.0,,,,
honmoku,アジ,43,10.0,20.0,,,,
honmoku,アナゴ,1,50.0,50.0,,,,
honmoku,イワシ,2856,10.0,13.0,,,,
honmoku,ウミタナゴ,4,20.0,23.0,,,,
honmoku,カサゴ,8,17.0,23.0,,,,
honmoku,クロダイ,7,39.0,52.0,,,,
honmoku,コノシロ,24,25.0,30.0,,,,
honmoku,シロギス,7,13.0,21.0,,,,
honmoku,セイゴ,1,35.0,35.0,,,,
honmoku,ハゼ,1,12.0,12.0,,,,
honmoku,フグ,9,18.0,25.0,,,,
honmoku,メゴチ,5,8.0,10.0,,,,
honmoku,メジナ,2,25.0,27.0,,,,
honmoku,メバル,6,20.0,25.0,,,,
isogo,アジ,68,15.0,22.0,,,,
isogo,イシモチ,4,24.0,28.0,,,,
isogo,イワシ,494,10.0,12.0,,,,
isogo,カサゴ,5,15.0,18.0,,,,
isogo,カレイ,2,15.0,18.0,,,,
isogo,ギンポ,1,24.0,24.0,,,,
isogo,コノシロ,145,26.0,30.0,,,,
isogo,サバ,1,25.0,25.0,,,,
isogo,シロギス,4,20.0,25.0,,,,
isogo,スズメダイ,1,13.0,13.0,,,,
isogo,ハゼ,6,8.0,10.0,,,,
isogo,フグ,5,10.0,30.0,,,,
isogo,ベラ,1,20.0,20.0,,,,
isogo,メジナ,14,20.0,28.0,,,,
isogo,メバル,10,15.0,20.0,,,,
daikoku,アジ,39,15.0,23.0,,,,
daikoku,ウミタナゴ,1,20.0,20.0,,,,
daikoku,カサゴ,32,16.0,22.0,,,,
daikoku,カタクチイワシ,4416,12.0,18.0,,,,
daikoku,ギンポ,1,30.0,30.0,,,,
daikoku,クロダイ,5,25.0,45.0,,,,
daikoku,コノシロ,43,15.0,30.0,,,,
daikoku,サバ,1,20.0,20.0,,,,
daikoku,サヨリ,7,20.0,30.0,,,,
daikoku,シリヤケイカ,17,,,0.3,0.8,,
daikoku,セイゴ,1,25.0,25.0,,,,
daikoku,ヒラメ,2,37.0,43.0,,,,
daikoku,フグ,1,30.0,30.0,,,,
daikoku,フッコ,1,40.0,40.0,,,,
daikoku,ベラ,1,25.0,25.0,,,,
daikoku,メジナ,6,25.0,28.0,,,,
daikoku,メバル,1,22.0,22.0,,,,
honmoku,アジ,39,15.0,30.0,,,,
honmoku,イワシ,4076,10.0,13.0,,,,
honmoku,ウミタナゴ,7,15.0,28.0,,,,
honmoku,クロダイ,4,46.0,47.0,,,,
honmoku,コノシロ,38,27.0,30.0,,,,
honmoku,サバ,1,29.0,29.0,,,,
honmoku,シロギス,8,12.0,20.0,,,,
honmoku,フグ,3,20.0,20.0,,,,
honmoku,フッコ,1,58.0,58.0,,,,
honmoku,ベラ,1,15.0,15.0,,,,
honmoku,メゴチ,2,12.0,12.0,,,,
isogo,アジ,28,16.0,20.0,,,,
isogo,イワシ,47,10.0,15.0,,,,
isogo,ウミタナゴ,1,16.0,16.0,,,,
isogo,カサゴ,19,16.0,20.0,,,,
isogo,キジハタ,1,18.0,18.0,,,,
isogo,クロダイ,1,33.0,33.0,,,,
isogo,コノシロ,45,25.0,28.0,,,,
isogo,シロギス,9,18.0,23.0,,,,
isogo,スズメダイ,1,15.0,15.0,,,,
isogo,ハゼ,6,10.0,15.0,,,,
isogo,メゴチ,2,10.0,15.0,,,,
isogo,メジナ,3,20.0,28.0,,,,
isogo,メバル,5,16.0,17.0,,,,
daikoku,アジ,17,15.0,20.0,,,,
daikoku,イシモチ,1,25.0,25.0,,,,
daikoku,カサゴ,8,20.0,24.0,,,,
daikoku,カタクチイワシ,2516,10.0,12.0,,,,
daikoku,コノシロ,30,25.0,27.0,,,,
daikoku,シリヤケイカ,5,,,0.2,0.8,,
daikoku,スミイカ,1,,,0.5,0.5,,
daikoku,フッコ,2,45.0,50.0,,,,
daikoku,ボラ,1,25.0,25.0,,,,
daikoku,メジナ,20,23.0,31.0,,,,
honmoku,アジ,107,17.0,27.0,,,,
honmoku,アナゴ,1,40.0,40.0,,,,
honmoku,イワシ,1092,12.0,15.0,,,,
honmoku,ウミタナゴ,5,25.0,28.0,,,,
honmoku,クロダイ,10,35.0,47.0,,,,
honmoku,コノシロ,8,23.0,28.0,,,,
honmoku,サバ,1,30.0,30.0,,,,
honmoku,シロギス,6,15.0,25.0,,,,
honmoku,フグ,4,20.0,20.0,,,,
honmoku,フッコ,2,50.0,54.0,,,,
honmoku,ベラ,3,15.0,18.0,,,,
honmoku,メバル,3,20.0,20.0,,,,
isogo,アジ,40,16.0,25.0,,,,
isogo,イシモチ,1,25.0,25.0,,,,
isogo,イワシ,206,10.0,15.0,,,,
isogo,ウミタナゴ,1,20.0,20.0,,,,
isogo,カサゴ,8,16.0,21.0,,,,
isogo,クロダイ,4,35.0,46.0,,,,
isogo,コノシロ,38,25.0,27.0,,,,
isogo,サバ,2,32.0,35.0,,,,
isogo,ソイ,1,20.0,20.0,,,,
isogo,タコ,1,,,1.4,1.4,,
isogo,ハゼ,6,7.0,8.0,,,,
isogo,マゴチ,1,47.0,47.0,,,,
isogo,メジナ,13,26.0,31.0,,,,
isogo,メバル,2,18.0,18.0,,,,
daikoku,アジ,57,20.0,28.0,,,,
daikoku,イシモチ,5,20.0,28.0,,,,
daikoku,ウミタナゴ,1,15.0,15.0,,,,
daikoku,カサゴ,20,16.0,25.0,,,,
daikoku,カタクチイワシ,6895,15.0,18.0,,,,
daikoku,カワハギ,1,20.0,20.0,,,,
daikoku,クロダイ,2,41.0,45.0,,,,
daikoku,コノシロ,184,20.0,30.0,,,,
daikoku,サッパ,1,12.0,12.0,,,,
daikoku,サバ,5,30.0,40.0,,,,
daikoku,サヨリ,5,25.0,25.0,,,,
daikoku,シリヤケイカ,10,,,0.3,0.5,,
daikoku,シロギス,1,15.0,15.0,,,,
daikoku,ハゼ,1,10.0,10.0,,,,
daikoku,ベラ,1,20.0,20.0,,,,
daikoku,メジナ,13,24.0,30.0,,,,
daikoku,メバル,5,19.0,19.0,,,,
isogo,アジ,31,16.0,25.0,,,,
isogo,イシモチ,2,23.0,25.0,,,,
isogo,イワシ,455,8.0,12.0,,,,
isogo,ウミタナゴ,1,18.0,18.0,,,,
isogo,カサゴ,32,15.0,25.0,,,,
isogo,ギンポ,1,25.0,25.0,,,,
isogo,クロダイ,8,37.0,50.0,,,,
isogo,コノシロ,44,26.0,28.0,,,,
isogo,シロギス,2,10.0,18.0,,,,
isogo,スズメダイ,1,16.0,16.0,,,,
isogo,ソイ,1,17.0,17.0,,,,
isogo,タコ,1,,,1.0,1.0,,
isogo,ハゼ,6,7.0,10.0,,,,
isogo,フグ,11,17.0,30.0,,,,
isogo,メゴチ,5,10.0,15.0,,,,
isogo,メジナ,3,25.0,30.0,,,,
isogo,メバル,9,16.0,20.0,,,,
daikoku,アジ,87,18.0,28.0,,,,
daikoku,アナゴ,1,50.0,50.0,,,,
daikoku,イシモチ,2,25.0,27.0,,,,
daikoku,ウミタナゴ,1,15.0,15.0,,,,
daikoku,カサゴ,41,16.0,20.0,,,,
daikoku,カタクチイワシ,2540,10.0,15.0,,,,
daikoku,クロダイ,3,36.0,43.0,,,,
daikoku,コノシロ,145,20.0,30.0,,,,
daikoku,サッパ,2,15.0,16.0,,,,
daikoku,サヨリ,25,30.0,32.0,,,,
daikoku,シリヤケイカ,3,,,0.4,0.6,,
daikoku,シロギス,1,24.0,24.0,,,,
daikoku,ヒラメ,1,34.0,34.0,,,,
daikoku,フグ,4,20.0,30.0,,,,
daikoku,フッコ,1,55.0,55.0,,,,
daikoku,メゴチ,1,20.0,20.0,,,,
daikoku,メジナ,8,22.0,27.0,,,,
daikoku,メバル,9,20.0,25.0,,,,
honmoku,アジ,114,15.0,28.0,,,,
honmoku,アナゴ,1,60.0,60.0,,,,
honmoku,イシモチ,2,15.0,20.0,,,,
honmoku,イワシ,5666,10.0,15.0,,,,
honmoku,ウミタナゴ,7,18.0,28.0,,,,
honmoku,カサゴ,19,16.0,22.0,,,,
honmoku,カレイ,1,18.0,18.0,,,,
honmoku,クロダイ,2,45.0,50.0,,,,
honmoku,コノシロ,74,25.0,32.0,,,,
honmoku,サバ,10,15.0,30.0,,,,
honmoku,サヨリ,14,25.0,40.0,,,,
honmoku,シロギス,15,14.0,22.0,,,,
honmoku,タコ,1,,,0.2,0.2,,
honmoku,ハゼ,6,10.0,15.0,,,,
honmoku,フグ,6,15.0,25.0,,,,
honmoku,フッコ,1,59.0,59.0,,,,
honmoku,ベラ,3,18.0,20.0,,,,
honmoku,ボラ,3,15.0,20.0,,,,
honmoku,メバル,24,18.0,27.0,,,,
honmoku,ワニゴチ,1,30.0,30.0,,,,
isogo,アジ,67,15.0,24.0,,,,
isogo,イワシ,76,10.0,10.0,,,,
isogo,ウミタナゴ,1,22.0,22.0,,,,
isogo,カサゴ,8,15.0,25.0,,,,
isogo,ギンポ,1,20.0,20.0,,,,
isogo,クロダイ,1,24.0,24.0,,,,
isogo,コノシロ,111,25.0,30.0,,,,
isogo,シロギス,1,18.0,18.0,,,,
isogo,ハゼ,3,8.0,10.0,,,,
isogo,ベラ,3,15.0,22.0,,,,
isogo,メゴチ,2,8.0,12.0,,,,
isogo,メジナ,7,15.0,30.0,,,,
isogo,メバル,7,16.0,20.0,,,,
daikoku,アジ,44,15.0,20.0,,,,
daikoku,イシモチ,1,31.0,31.0,,,,
daikoku,ウミタナゴ,1,20.0,20.0,,,,
daikoku,カサゴ,9,16.0,24.0,,,,
daikoku,カタクチイワシ,3038,12.0,15.0,,,,
daikoku,クロダイ,1,35.0,35.0,,,,
daikoku,コノシロ,43,25.0,30.0,,,,
daikoku,サバ,24,15.0,30.0,,,,
daikoku,サヨリ,2,25.0,30.0,,,,
daikoku,シリヤケイカ,1,,,0.8,0.8,,
daikoku,シロギス,1,17.0,17.0,,,,
daikoku,ハゼ,1,6.0,6.0,,,,
daikoku,メジナ,6,25.0,31.0,,,,
daikoku,メバル,4,16.0,23.0,,,,
honmoku,アジ,91,15.0,24.0,,,,
honmoku,アナゴ,2,30.0,46.0,,,,
honmoku,イシモチ,3,25.0,25.0,,,,
honmoku,イワシ,8998,10.0,15.0,,,,
honmoku,ウミタナゴ,3,15.0,22.0,,,,
honmoku,カサゴ,21,18.0,28.0,,,,
honmoku,カワハギ,1,16.0,16.0,,,,
honmoku,クロダイ,4,38.0,45.0,,,,
honmoku,コノシロ,109,15.0,30.0,,,,
honmoku,サバ,16,15.0,40.0,,,,
honmoku,サヨリ,13,20.0,40.0,,,,
honmoku,シリヤケイカ,1,,,0.8,0.8,,
honmoku,シロギス,7,12.0,22.0,,,,
honmoku,スズキ,1,68.0,68.0,,,,
honmoku,ハゼ,4,10.0,12.0,,,,
honmoku,フグ,4,15.0,30.0,,,,
honmoku,フッコ,3,42.0,47.0,,,,
honmoku,ベラ,4,15.0,20.0,,,,
honmoku,メゴチ,10,10.0,12.0,,,,
honmoku,メバル,10,18.0,23.0,,,,
isogo,アジ,18,15.0,18.0,,,,
isogo,イワシ,39,8.0,12.0,,,,
isogo,ウミタナゴ,2,15.0,25.0,,,,
isogo,カサゴ,5,15.0,16.0,,,,
isogo,クロダイ,1,43.0,43.0,,,,
isogo,コノシロ,81,26.0,30.0,,,,
isogo,スズメダイ,1,12.0,12.0,,,,
isogo,メジナ,5,26.0,33.0,,,,
isogo,メバル,5,15.0,20.0,,,,
daikoku,アジ,24,16.0,21.0,,,,
daikoku,イシモチ,8,15.0,19.0,,,,
daikoku,カサゴ,10,16.0,23.0,,,,
daikoku,カタクチイワシ,9999,10.0,13.0,,,,
daikoku,クロダイ,1,38.0,38.0,,,,
daikoku,コノシロ,322,22.0,30.0,,,,
daikoku,サバ,8,30.0,40.0,,,,
daikoku,サヨリ,6,20.0,25.0,,,,
daikoku,シリヤケイカ,5,,,0.5,0.8,,
daikoku,シロギス,6,18.0,22.0,,,,
daikoku,スズキ,1,62.0,62.0,,,,
daikoku,ハゼ,2,10.0,10.0,,,,
daikoku,ヒラメ,1,30.0,30.0,,,,
daikoku,ベラ,1,20.0,20.0,,,,
daikoku,メゴチ,1,15.0,15.0,,,,
daikoku,メジナ,7,28.0,32.0,,,,
daikoku,メバル,8,16.0,18.0,,,,
honmoku,アジ,99,15.0,20.0,,,,
honmoku,イシモチ,26,21.0,28.0,,,,
honmoku,イワシ,9842,8.0,14.0,,,,
honmoku,ウミタナゴ,7,18.0,22.0,,,,
honmoku,オニカサゴ,1,20.0,20.0,,,,
honmoku,カサゴ,23,15.0,31.0,,,,
honmoku,クロダイ,2,35.0,47.0,,,,
honmoku,コノシロ,219,20.0,28.0,,,,
honmoku,サバ,42,10.0,40.0,,,,
honmoku,サヨリ,22,25.0,40.0,,,,
honmoku,シリヤケイカ,3,,,0.3,0.5,,
honmoku,シロギス,26,17.0,20.0,,,,
honmoku,タコ,3,,,0.7,1.8,,
honmoku,ハゼ,5,10.0,12.0,,,,
honmoku,ヒラメ,1,30.0,30.0,,,,
honmoku,フグ,3,20.0,35.0,,,,
honmoku,ベラ,7,15.0,22.0,,,,
honmoku,メバル,20,20.0,30.0,,,,
isogo,アジ,79,18.0,20.0,,,,
isogo,イシモチ,1,25.0,25.0,,,,
isogo,イワシ,3173,8.0,12.0,,,,
isogo,ウミタナゴ,2,20.0,23.0,,,,
isogo,カサゴ,27,15.0,25.0,,,,
isogo,カレイ,2,20.0,33.0,,,,
isogo,キジハタ,1,17.0,17.0,,,,
isogo,クロダイ,1,40.0,40.0,,,,
isogo,コノシロ,427,26.0,31.0,,,,
isogo,サバ,1,30.0,30.0,,,,
isogo,シロギス,1,16.0,16.0,,,,
isogo,ハゼ,12,8.0,12.0,,,,
isogo,フグ,5,15.0,16.0,,,,
isogo,メゴチ,5,10.0,10.0,,,,
isogo,メジナ,8,23.0,30.0,,,,
isogo,メバル,8,15.0,18.0,,,,
daikoku,アジ,35,18.0,20.0,,,,
daikoku,イシモチ,2,26.0,30.0,,,,
daikoku,カサゴ,28,16.0,20.0,,,,
daikoku,カタクチイワシ,5455,10.0,18.0,,,,
daikoku,クロダイ,8,35.0,47.0,,,,
daikoku,コノシロ,319,18.0,30.0,,,,
daikoku,サバ,4,30.0,37.0,,,,
daikoku,サヨリ,23,30.0,37.0,,,,
daikoku,シリヤケイカ,19,,,0.4,0.6,,
daikoku,スズキ,3,60.0,76.0,,,,
daikoku,タコ,1,,,3.26,3.26,,
daikoku,ハゼ,1,10.0,10.0,,,,
daikoku,ヒラメ,3,36.0,40.0,,,,
daikoku,フグ,3,20.0,25.0,,,,
daikoku,ベラ,9,16.0,22.0,,,,
daikoku,メジナ,8,25.0,28.0,,,,
daikoku,メバル,5,16.0,23.0,,,,
isogo,アジ,92,18.0,22.0,,,,
isogo,イワシ,1042,8.0,12.0,,,,
isogo,ウミタナゴ,3,15.0,16.0,,,,
isogo,オコゼ,1,20.0,20.0,,,,
isogo,カサゴ,25,16.0,24.0,,,,
isogo,カレイ,1,19.0,19.0,,,,
isogo,カワハギ,2,21.0,25.0,,,,
isogo,クロダイ,6,26.0,47.0,,,,
isogo,コノシロ,133,26.0,32.0,,,,
isogo,シロギス,6,15.0,20.0,,,,
isogo,ハゼ,17,8.0,18.0,,,,
isogo,フグ,15,16.0,20.0,,,,
isogo,フッコ,1,45.0,45.0,,,,
isogo,ベラ,4,18.0,23.0,,,,
isogo,ボラ,1,30.0,30.0,,,,
isogo,メゴチ,4,10.0,12.0,,,,
isogo,メジナ,10,25.0,32.0,,,,
isogo,メバル,2,15.0,16.0,,,,
